      Plot replica #,up1 a,up1 b,up1 c,dp1 a,dp1 b,dp1 c,sp1 a,sp1 b,sp1 c,um1 a,um1 b,um1 c,dm1 a,dm1 b,dm1 c,sm1 a,sm1 b,sm1 c,                GT a,                GT b,                GT c,G2 a,G2 b,G2 c,
1,2.405961,-6.616641,-1.072672,3.194167,-5.498299,4.094624,4.623988,10.480523,-20.878005,-7.364236,11.738082,5.310186,-6.257836,3.432931,8.170067,6.186615,0.275678,-14.664549,-0.705529,-0.442165,4.578543,-0.109715,0.281666,-0.626036,
2,-1.920545,3.246033,1.446665,3.161593,-5.472617,9.513551,11.691210,-9.237874,-7.382264,-8.684862,8.667244,12.034800,-3.847326,1.550203,2.960696,9.423596,-3.904140,-16.501993,1.383846,-2.123400,3.626996,0.139191,0.024642,-3.435218,
3,-5.430726,4.128295,5.374825,4.416621,-3.531419,2.883268,4.917358,-2.110427,-5.546562,0.059937,2.114927,1.135853,0.392271,-7.631236,5.183462,12.591465,-3.843154,-23.112399,-0.113409,-0.100337,-0.702390,1.855633,-1.491577,-3.885989,
4,-2.878589,6.995411,-3.921845,7.152622,-3.184712,-3.166025,4.777783,2.570330,-10.549087,1.992601,0.589357,-1.634079,-9.457923,14.021334,1.146107,10.788028,-1.951438,-21.791156,3.137333,0.195977,-11.188646,1.173201,-3.258893,-0.268072,
5,-2.425939,2.359191,0.540397,4.632685,-4.463617,2.722816,-2.676369,1.148384,8.676090,-1.379403,4.367367,2.252745,-0.216324,4.098961,-9.377371,7.878221,0.743861,-18.401086,-0.803603,-0.068768,4.786837,1.068685,-1.069861,-2.815719,
6,-0.964348,-1.637983,-0.106902,0.996267,-3.141865,6.529702,-2.476310,-4.092698,10.322325,-1.972519,3.460942,4.263630,-2.952759,6.508437,-4.214706,4.626081,-0.323998,-9.676648,-4.178586,3.292550,4.695952,2.499136,-0.742771,-4.722466,
7,-0.790414,2.515484,-4.099211,5.006382,-7.679858,4.124379,6.780681,-6.537492,-4.292811,-1.518614,0.585753,5.432169,-6.339748,3.922700,8.419477,9.754374,-10.107079,-10.481127,-0.768691,0.585311,4.326326,-0.037173,0.308792,-1.403392,
8,0.170039,0.864404,-1.453340,4.153081,-8.465230,9.340452,-1.156115,4.090540,3.762219,-6.741082,9.539772,6.886563,-2.879611,8.794564,-6.308190,1.067111,4.714848,-8.307008,-2.377642,0.050036,9.559572,1.143339,-0.517976,-4.218065,
9,-1.155258,-0.103870,-8.230153,2.618546,-4.095935,-2.909684,-0.207661,3.706106,-10.417900,-1.452607,0.235043,6.666789,-0.493540,0.697985,-1.720359,6.817672,-1.396492,-13.129590,0.391345,-1.678211,-5.020817,0.799121,-0.508230,1.874290,
10,-2.691788,2.105743,0.730275,4.326812,-9.650124,8.629572,3.397566,-0.059951,-4.687911,-2.976192,4.087288,4.783334,0.157577,-8.136948,6.200639,8.289841,-7.213967,-10.551293,-1.434786,0.618622,3.286646,1.179411,-0.166385,-3.523370,
11,-1.984114,-1.329539,4.978398,-2.490906,-0.143397,13.365274,0.138659,16.296973,-15.892281,-2.978192,3.787873,5.648451,4.989838,-18.104962,9.287618,8.929790,-3.441697,-15.308297,-0.097796,-0.028397,-1.492293,2.349900,-2.006086,-4.571694,
12,-0.431777,-0.914428,-2.853277,6.598115,-8.726276,0.241418,1.943557,9.042938,-15.770147,-3.566273,2.642991,9.058886,-1.741467,-4.242022,7.649000,4.268502,1.798195,-11.609960,-0.933951,-0.659327,5.728313,-0.461903,0.487471,0.347839,
13,-0.949663,1.504037,-0.487674,6.871011,-9.323177,4.872347,-1.984215,7.662058,-0.295579,-7.241019,10.520820,6.646789,1.024825,-10.774709,6.793312,10.929723,-0.929716,-23.822670,0.653441,-0.712492,1.868266,0.550305,-0.458869,-2.801544,
14,-0.123076,-0.815509,3.289689,2.437538,-4.670516,10.845890,-0.560426,2.305615,6.313073,-2.077085,6.425875,0.148036,0.377965,4.118651,-8.236230,9.144341,-2.705010,-17.091629,1.655317,-2.651385,2.858563,0.673982,0.087195,-5.032862,
15,1.200884,-8.230924,5.572843,6.233598,-6.981721,1.311667,3.600977,5.927549,-10.895169,-0.953835,-0.952440,7.616635,-9.692715,10.081851,7.629563,6.521772,2.410190,-16.539418,3.090440,-4.033308,-4.668344,0.951059,0.357894,-3.933138,
16,1.181757,1.413770,-7.221597,7.882453,-10.289969,-0.014329,-3.901453,8.907108,-3.466268,-1.542453,0.161093,6.636162,-0.297331,-10.727013,10.524897,11.221452,-3.604956,-20.569710,-0.067511,-0.062735,0.906741,0.604073,-1.105522,-0.461527,
17,1.938760,-3.973331,-3.021472,0.904476,-1.175845,3.880959,1.198242,2.697805,-6.547533,0.659360,-4.955051,7.512428,-4.729821,2.024763,5.572558,13.399430,-9.487646,-18.987459,1.252505,-0.125087,-7.711966,1.532483,-1.209464,-2.054215,
18,-2.127249,1.156061,0.096294,5.619854,-10.553111,6.349988,1.876552,1.201851,-4.294253,-1.618257,1.047033,6.818638,1.014205,-4.761875,0.986453,12.013159,-8.202662,-16.165855,-1.361792,0.714320,2.244768,1.133727,-0.193141,-3.039470,
19,-5.638631,3.176013,3.496720,7.931640,-9.013618,-2.041404,5.661416,-2.971865,-8.879604,-2.867287,8.405019,0.170592,0.963470,-7.863748,3.940401,10.208992,0.377385,-23.150810,-1.629931,1.222554,1.885967,0.888390,-0.206754,-1.697636,
20,0.408071,-0.463930,-6.102962,8.560326,-10.839741,-2.490693,1.189102,4.873943,-8.898520,-1.123028,2.522820,2.850837,-6.239420,-2.143587,14.147143,10.765983,0.073584,-23.289438,-0.490755,-1.341054,4.346359,-0.550121,0.555563,0.862557,
21,4.456608,-5.769027,-3.429607,6.112662,-9.545519,4.826884,-0.359487,6.108359,-3.736517,-4.822577,6.205752,6.921822,-2.370813,13.116161,-11.994653,8.535332,7.193764,-25.851875,-0.474455,0.176389,4.377029,-0.569280,1.283451,-1.931656,
22,-2.471915,-0.062517,2.433548,3.817697,-8.748960,8.427739,4.628029,13.736230,-23.707018,-1.901112,-0.649143,8.725764,-5.236975,1.305028,7.072622,6.097888,3.938264,-18.149716,0.904493,-0.046031,-4.204059,1.485235,-1.456517,-2.442150,
23,0.991942,1.218750,-5.943260,1.416444,-2.898395,5.919444,9.144915,-12.239477,-3.402819,-7.985977,13.336145,4.439284,2.320300,-6.239568,-0.552343,7.850312,-2.447087,-15.272744,0.708615,0.610943,-3.873223,0.726091,-0.513575,-1.873416,
24,0.249919,0.629069,3.885727,6.338450,-11.619271,14.769906,-4.280736,8.606345,8.264042,-4.801682,7.643475,4.586849,5.719151,-15.495238,2.878347,5.045669,-0.385081,-11.257277,-2.714685,3.404431,10.609756,1.251658,-0.636164,-6.860976,
25,0.298879,-6.207283,-1.675001,2.383443,-2.701218,-0.769371,-1.378674,8.380144,-9.613062,-3.454718,4.219584,5.492112,-0.822687,-3.554352,2.817223,9.665512,-4.432063,-15.707699,-2.738869,0.311659,6.569353,0.187135,1.555698,-0.679512,
26,-1.833323,3.093426,-2.562915,5.212114,-5.179146,0.935861,4.682950,-11.424505,6.194105,-2.974371,-0.433856,10.946082,4.975434,-5.414797,-7.608240,9.141196,-1.810799,-17.742864,1.800987,-2.696023,-1.670099,0.482999,0.323871,-2.489977,
27,-0.845497,-0.633671,-2.896828,6.855849,-7.072254,-2.812000,1.317424,1.398055,-5.374609,-5.526317,6.938995,7.832547,-6.315737,9.491041,-0.403785,9.063776,-0.476154,-19.229931,1.137610,-0.113056,-6.793990,0.974464,-1.044005,-0.496251,
28,-3.599739,6.112516,-0.004667,5.129461,-6.869300,6.041604,10.958608,-15.218562,1.123059,-8.193616,9.302312,10.197870,-4.582428,13.174747,-7.903268,11.423825,-4.671037,-19.199302,0.465869,-0.275175,0.618492,0.915212,-0.837812,-3.381796,
29,-3.710902,1.251231,6.710170,2.267554,-7.480168,13.195161,-3.652995,0.092819,12.212999,-6.779734,13.433701,2.242121,-9.241703,13.324620,1.094073,5.659956,7.693199,-22.587274,-3.663290,1.657998,9.767842,2.502575,-0.447599,-7.268461,
30,-4.284834,3.458612,1.753932,2.944966,-0.922552,0.736762,-1.684660,-7.524752,13.362878,-4.285501,4.926872,6.589174,-1.043467,-3.593573,3.599548,10.696095,-4.986267,-18.638427,0.552264,-2.732784,0.267197,1.451547,0.171297,-4.061938,
31,-1.692798,-0.012768,-0.826454,6.507461,-14.289618,7.209715,-5.015513,6.409191,2.237776,-5.209682,7.637043,4.899143,-2.890818,-3.741895,7.324033,8.634243,-2.577266,-15.538660,-2.581881,0.448498,6.769694,1.057602,0.656662,-3.138674,
32,1.657301,-1.472847,-3.025795,3.979690,-6.209414,6.116227,-3.821754,8.165917,1.589074,-4.332124,8.172244,4.536974,2.822602,-2.808300,-3.737519,10.630271,0.669882,-22.605240,-1.530922,0.122945,8.649937,-0.082289,0.686081,-2.438711,
33,4.899224,-3.775333,-12.625233,1.578253,-5.980819,4.309746,0.625985,6.787685,-11.689231,-3.287058,4.950303,5.708372,6.516096,-8.282615,-4.788604,11.972905,-6.320024,-18.161470,-0.419596,-1.435323,3.665283,-0.763490,0.644873,1.884715,
34,2.565178,-3.035937,-8.724707,8.012098,-11.361658,-2.029690,6.986862,2.449392,-20.382332,-3.716494,3.484773,7.397328,0.914492,-9.348474,5.277512,8.340261,-4.142893,-13.185889,0.210152,0.054622,-1.082683,-1.084778,1.044744,2.203695,
35,-0.548018,0.167267,-7.886017,7.593605,-10.640195,-3.593272,1.782864,5.264994,-14.660719,-4.100039,7.043828,4.382044,-4.458934,-0.798053,7.599527,7.965378,-0.936185,-16.486912,-1.521670,1.976608,-1.933566,0.300761,-0.159726,1.608460,
36,1.635003,-1.445675,-9.658164,5.343048,-5.077122,-5.229149,2.071196,16.853982,-26.423492,-1.724961,-0.317951,8.737689,-4.190042,-8.730653,18.029689,5.440924,6.821513,-19.259434,-2.999751,4.521869,3.694359,-0.944303,-0.520021,4.081759,
37,-0.516532,0.442506,-3.543446,4.247849,-6.733230,3.385656,5.195372,-0.178032,-10.528788,0.367458,0.150079,3.002720,-2.746431,-8.508405,13.993127,7.709961,-1.278360,-15.589675,-1.177367,0.945321,2.848422,0.232807,-0.112800,-0.716274,
38,-0.961890,0.680370,-2.397094,3.278685,-1.540325,0.447208,10.437014,-14.087133,-4.438370,-2.442900,1.795048,6.076595,-4.274650,3.346497,2.294392,9.800094,-5.001943,-18.032367,-1.644852,-0.446816,9.481161,-0.440296,0.605513,-0.630802,
39,1.334638,-2.345150,-5.509692,6.050993,-8.595549,0.433282,2.259846,10.192850,-17.152003,1.037075,-2.431345,5.327736,0.187820,-0.791474,-1.165687,8.751370,1.917676,-20.344272,0.639699,0.462098,-4.040286,0.123301,-0.225077,0.365390,
40,-0.991457,-1.780664,1.244917,-1.546307,-3.519553,12.935799,8.470802,-1.963752,-14.677007,-6.423010,5.729968,11.182909,2.645093,-13.138621,8.075190,12.148495,-5.141225,-20.112263,-1.819615,1.073660,2.453253,1.423952,-0.276713,-3.418292,
41,1.237821,-1.880693,-12.766218,3.066096,-6.511834,-2.624408,10.208195,-1.328146,-26.246903,-4.946478,9.834286,4.324550,-4.304271,8.946655,-3.627304,11.769772,2.825313,-27.363943,-1.456571,2.118239,-5.379069,0.160319,0.037976,3.317384,
42,-1.554192,-0.830698,0.684563,5.881316,-13.991488,9.254733,0.422947,3.740462,-3.821325,-1.242988,1.259219,6.355284,-4.324520,0.920665,6.212960,10.033278,-3.766259,-16.371795,0.525020,-2.580532,0.033517,1.380795,0.150806,-3.728775,
43,0.947727,1.451708,-8.285439,7.101858,-9.680130,0.288093,5.952968,2.589506,-15.478738,-5.174595,6.334652,7.945569,-3.269752,9.277461,-5.878648,1.622822,10.235950,-15.241667,1.659771,-1.392988,-1.378311,-0.858484,0.266551,1.341259,
44,-1.060336,0.558275,-7.628389,5.386237,-10.330283,0.094039,3.024854,3.158459,-14.083358,-1.395247,2.078396,3.812847,-2.747183,-4.064616,8.190110,6.678564,0.082858,-14.980205,-2.261293,2.782027,-2.281020,0.964441,-0.432520,0.726140,
45,-2.952527,3.026135,-1.651637,5.105600,-4.405505,-0.554010,4.717780,-0.884907,-9.480778,-7.783248,7.091444,12.398498,-8.317401,-1.158183,14.882850,3.086998,4.523837,-13.567549,1.169311,-0.039030,-6.932458,1.400429,-1.530760,-1.337583,
46,-2.033767,-5.635348,2.268861,1.053395,5.999377,-8.302139,6.652206,-15.445320,2.952858,-2.673541,2.063310,7.712331,8.035325,-9.281822,-8.658185,12.618879,-5.245079,-20.725319,4.025360,-4.050447,-10.312630,-0.326881,0.646631,1.385588,
47,0.691574,1.629599,-9.660376,4.021314,-6.887944,1.236739,6.850387,-1.521807,-15.854467,-3.113926,3.265951,5.647495,0.639876,-6.821238,4.074547,10.311519,-10.982590,-10.398570,1.606036,-0.203801,-6.626783,-0.049747,-0.366724,1.524614,
48,0.035599,1.047759,-5.917258,2.344579,-1.473721,0.697339,7.993185,-5.285044,-9.919125,-4.327589,5.333941,8.123509,-8.365493,3.749763,12.104707,7.019754,0.553180,-14.622265,-3.711145,3.820455,7.825923,0.080605,-0.521512,0.241633,
49,-1.941657,-1.873478,-6.754170,2.669129,-7.682752,-0.628126,3.667494,2.399176,-19.555958,-9.454727,17.163844,4.132163,-3.152899,2.851174,0.078683,1.601447,5.266230,-10.083848,-4.095728,3.707989,0.085550,1.291460,0.126104,1.257630,
50,0.394428,1.986432,-10.910688,4.850593,-5.525994,-2.513990,7.438644,-4.607192,-12.647454,-2.982489,4.408892,5.011953,-6.007892,6.377510,2.752346,8.988855,-1.337109,-17.904509,1.259082,-0.071062,-7.299355,0.211598,-0.730047,1.797127,
51,1.995730,-2.752061,-7.550585,2.854823,-4.573490,1.330456,3.075581,-1.392566,-6.593767,-5.411791,4.178928,10.946917,-2.608588,-3.288403,4.874777,9.181020,-4.171038,-15.733523,-1.763912,1.954957,0.075997,0.740748,-0.350628,-0.258644,
52,1.030300,-2.700312,1.473162,7.377300,-12.886683,9.057682,0.710261,2.587973,-0.023667,-7.728562,8.396375,10.003337,-3.509535,-6.027050,13.526231,7.246258,-2.058676,-13.350155,-1.524505,0.061546,8.584289,0.178999,1.074147,-4.230081,
53,0.586428,-1.817487,1.735053,4.360695,-9.351099,11.006677,1.607259,4.340493,-3.823982,-4.909653,3.349533,10.589964,-3.598580,-1.348231,6.974281,6.706863,-2.420326,-12.394798,-0.930938,1.468996,6.503506,0.155491,0.444886,-3.591102,
54,0.714811,3.264567,-6.908157,5.356248,-4.740370,2.418914,0.456099,1.113084,-1.036240,-6.633411,6.964859,9.862666,8.829902,-16.204659,-1.451973,7.633276,2.903668,-20.806280,0.152241,1.077764,-0.708209,0.395756,-0.248947,-2.109582,
55,0.029200,1.616441,-6.469619,3.193582,-5.833249,4.015257,8.261582,-5.617097,-9.671402,-2.896309,3.839989,5.130675,-2.635352,-1.385118,5.513660,12.137891,-11.171268,-13.749006,-0.807789,-0.757833,5.415441,-0.324358,0.446391,-0.138751,
56,-2.152854,-0.284515,4.319929,6.690013,-14.259649,10.510329,3.770743,0.218745,-3.983268,-6.267578,9.950646,6.736610,-0.613629,-3.827966,4.328789,12.703928,-10.526355,-14.092977,-0.611853,0.406734,-0.986017,2.313794,-0.994180,-5.677525,
57,2.200160,-2.140897,-2.034194,0.174344,-0.474564,8.540109,7.781110,3.805044,-15.995989,-2.022564,4.000193,3.604891,6.437704,-8.375764,-6.393323,10.039536,-6.232230,-13.954480,1.634155,-0.647738,-1.291740,0.079745,-0.875629,-1.544470,
58,0.280096,-1.455580,-4.175160,6.468644,-6.853009,-1.853081,5.598094,2.086358,-14.076805,-3.696153,3.060183,7.261740,-1.392038,-1.631988,2.351065,8.555802,-2.389517,-16.319184,-1.119187,0.133733,5.328571,-0.780666,0.851121,0.695002,
59,-0.531027,-0.192571,-10.571750,7.822845,-13.521628,-3.864242,1.179377,3.139564,-11.699373,-5.719670,8.083201,6.116061,-1.203974,-5.606766,6.810503,8.313807,-1.315455,-16.665195,-2.468815,0.837255,2.878562,-0.330498,1.529790,2.288570,
60,-0.633056,0.096903,0.767123,5.059144,-6.422475,6.295423,7.214705,-3.150116,-6.496859,-4.084191,1.713744,10.017920,2.193121,-18.730187,15.684135,12.614991,-6.350084,-19.958557,-0.236465,1.120368,1.778182,0.499681,-0.233813,-3.171766,
61,0.383576,4.467227,-11.460755,7.986661,-8.252536,-4.085110,10.116427,-1.836832,-19.669649,-8.031836,9.643212,9.198796,0.966947,-10.428226,7.957864,8.595327,-7.423091,-10.285976,2.410779,-0.109032,-7.541430,-0.722633,-0.990545,2.986394,
62,-0.118062,-2.601428,2.558245,1.448182,1.519611,3.425243,-4.119615,6.305517,5.218723,-1.966263,1.951789,6.180998,-6.927607,13.030870,-4.414250,4.787613,5.312029,-16.809657,-0.714548,-0.061893,3.652676,1.518524,-1.124248,-4.008341,
63,1.099665,1.071801,-8.650984,5.067129,-3.917270,-2.249767,-2.009966,-2.635491,7.514042,-3.343975,3.674075,6.364816,2.000388,-16.032667,10.473289,10.586103,-7.873901,-13.859169,1.252746,-0.060492,-7.158651,1.131691,-1.375005,-0.673589,
64,1.593744,-0.755562,-8.761120,2.497233,-4.491692,1.725018,10.863009,-5.357208,-18.252298,-4.474212,1.540376,11.411304,0.371357,2.418728,-7.449929,5.641248,0.980939,-13.934844,1.464021,1.363273,-10.582892,0.725024,-1.000655,0.574053,
65,1.938514,0.982701,-11.808515,6.602644,-7.183440,-2.915479,-1.391271,4.314108,-4.887427,-7.085198,6.971037,11.609487,-3.519453,-3.145765,9.024349,8.497188,-4.955186,-11.158745,-0.779677,-0.235634,4.409729,-0.884125,0.549783,1.968756,
66,2.640383,-4.402131,-2.880046,5.484143,-5.555800,1.505227,-2.929476,9.565597,-1.984754,-3.419199,3.348028,7.289761,5.496278,-12.650003,1.579802,8.849589,-4.480942,-13.447709,1.822336,-1.560055,-1.968173,0.177358,-0.027235,-1.650768,
67,0.336684,1.783491,-7.348796,3.748977,-7.233211,4.183675,7.456697,1.280841,-17.451911,-3.479523,3.976432,7.440830,1.433028,-1.502945,-2.579541,9.432443,0.717287,-20.182430,-2.791685,3.192949,5.941393,-0.166067,-0.390341,0.682722,
68,-2.099519,1.121778,-1.413658,5.637974,-6.756722,0.960837,8.570493,-0.548667,-16.289481,-3.999837,7.524073,3.962420,-3.906573,-0.815021,9.135727,6.562905,-0.879767,-11.953341,-0.083823,-0.099498,0.230094,0.376962,-0.389629,-0.673570,
69,1.479418,-1.846209,-2.133587,4.096204,-6.444251,6.278338,1.681930,-2.145566,2.315322,-6.839924,9.672451,6.668627,-7.840177,13.347469,-0.890847,7.607398,6.845585,-25.135799,-1.198771,-0.159779,7.628613,0.035960,0.711854,-2.689476,
70,0.940737,-2.283893,-2.465208,4.856034,-7.616964,4.379493,3.049930,5.077019,-10.544875,-0.610989,3.896593,0.734254,1.810075,2.942782,-10.285413,14.790461,-3.828709,-26.890675,-1.826125,0.039997,9.159275,-0.584988,0.995914,-0.963897,
71,-0.282970,3.122251,-9.361858,6.403338,-7.846350,-1.847728,7.324677,-4.056892,-12.649490,-4.904181,8.747929,3.401298,-4.371596,-1.862689,8.730881,7.483858,2.085126,-19.010617,0.956418,-0.406636,-2.011077,-0.683608,0.007213,2.162784,
72,0.947222,-2.357976,-7.088796,4.376768,-3.381180,-5.129367,2.575286,2.320769,-10.249582,-3.393668,4.578951,5.687496,-1.050211,0.061239,0.569880,8.242207,-2.905099,-13.712912,-0.140672,-0.592928,-1.536138,0.527673,-0.548176,1.004145,
73,-1.547337,4.679380,-8.581489,-0.771944,1.066586,2.624132,2.492180,-1.982256,-4.348683,-4.856948,4.906293,8.055709,6.420875,-12.284204,-1.786157,8.706998,-3.905802,-14.508471,1.457127,-0.051071,-8.735016,1.549759,-2.270347,0.122455,
74,-0.002706,-6.579211,1.092160,3.715582,-4.023340,2.758834,1.544929,16.578331,-23.041026,-3.138588,5.336669,5.192470,-3.880418,5.230078,0.264176,7.651860,-0.428825,-15.821738,1.178494,-1.204572,-3.199560,0.209733,0.081880,-0.395702,
75,-1.199062,1.729861,1.647131,-2.153902,1.144506,12.643837,-3.744040,3.313906,8.571257,-2.364614,2.632326,5.988944,-3.486051,6.279766,-1.450983,13.077756,-3.906640,-23.863136,-0.060846,-0.050179,0.905317,2.362242,-2.169429,-5.283092,
76,-1.852536,-1.545111,3.659917,9.757908,-12.749952,2.564838,8.930340,7.106114,-23.384515,-5.201842,6.621639,6.814822,-6.320608,-2.824751,13.029287,8.711520,-5.797967,-13.028096,-0.221521,1.024914,4.510283,-0.566137,0.933067,-1.654970,
77,-0.614356,-0.322461,-6.736691,1.645944,-2.896805,0.154731,-3.823659,-1.175246,2.057769,-7.206677,5.648999,11.992417,7.811552,-11.540965,-4.458637,6.886871,1.057930,-18.143265,2.091758,-3.757345,-6.223551,0.346575,0.536423,0.707405,
78,1.812765,1.068001,-10.418505,4.605047,-6.121563,0.666498,12.955756,-3.516643,-23.644609,0.170324,-2.555115,5.720679,-0.304697,-6.703098,4.406727,13.047635,-9.178664,-18.261393,2.166793,-1.587806,-2.236643,-1.347499,0.327834,2.625958,
79,1.470056,0.365421,-6.552666,4.476151,-7.754199,4.250867,5.516403,-2.552621,-7.797496,-2.927444,6.486101,2.450566,5.068659,-8.230287,-4.225905,13.841141,-3.459544,-25.593024,0.275026,0.421666,-0.942659,0.013303,-0.013322,-0.658676,
80,-0.278512,0.912753,-6.163631,6.896845,-8.887411,-0.706818,-1.860025,-1.279354,4.930931,-3.604300,4.919791,4.954661,2.734243,-6.376897,-1.032027,8.189443,-4.100056,-14.105116,-0.586677,0.534151,-0.901635,0.537435,-0.091128,-0.662627,
81,4.451829,-3.915086,-10.224298,5.083114,-6.514067,-0.732828,-4.950973,3.615271,5.683264,-2.289965,1.595519,6.628334,-3.646516,-4.628551,12.020415,8.257616,-4.659242,-12.846323,-2.173297,0.424261,6.862316,-0.450711,0.581340,0.578046,
82,1.660188,1.203299,-11.001889,7.483857,-9.438661,-2.763623,-0.460912,0.819917,1.565380,-1.902434,-1.736426,9.535070,-6.392754,15.341638,-6.379438,7.541679,-0.470276,-15.130655,0.663143,0.121628,-3.873146,-0.027376,0.080784,0.484634,
83,-0.367440,0.137433,-4.697115,2.943205,-7.525702,6.068067,-1.380249,10.048339,-8.794739,-6.878387,10.620669,5.893513,-5.736359,0.549711,9.587523,10.703740,-2.760969,-19.509160,0.949828,-0.332701,-7.645818,1.837937,-1.879122,-1.438297,
84,0.945136,0.323310,-5.899660,8.251129,-12.605182,2.624436,-3.803743,9.008211,-1.710773,-4.157516,7.081008,4.527203,-6.926853,5.983753,5.116775,8.356971,-2.119799,-15.824893,-0.435012,-0.498470,3.682064,-0.038899,0.215926,-0.879428,
85,-2.304293,0.085800,3.683602,-0.108126,-4.675628,12.894860,7.956909,-6.306354,-6.352109,-3.905551,4.103221,7.476123,-3.526665,2.478795,1.969964,9.751300,-3.413647,-17.603928,0.066193,-2.028666,2.997740,1.288407,0.185568,-4.707973,
86,-5.039086,2.749271,-1.168704,9.066253,-10.899960,-5.543053,5.548337,7.593588,-24.130990,-4.218502,6.160888,5.415105,-2.891430,-2.072103,6.670765,7.277256,0.000723,-15.436669,-0.238419,0.429302,-2.998667,0.317423,-0.164913,1.228806,
87,-1.111312,0.715875,1.563249,6.657897,-2.754338,-1.318176,4.759194,-5.082680,0.589413,-4.251876,8.371177,2.562987,-7.022924,2.312172,9.393045,11.161580,-1.543617,-22.114644,0.027739,1.158179,0.806182,0.450656,-0.244842,-3.129081,
88,4.614159,-1.883604,-17.158566,8.833716,-10.056040,-8.319387,-0.861593,5.305243,-7.532285,0.596320,-0.286406,2.911435,-2.411094,-4.360556,7.328218,4.773091,5.964138,-17.665409,1.047756,0.075010,-5.723481,-1.269161,0.799893,4.083660,
89,1.173222,-2.355007,-6.743458,3.302286,-2.931349,-1.456104,0.545061,-4.267024,0.739841,-3.563651,4.465287,5.098542,3.188889,-4.093029,-5.135404,11.038363,-5.196754,-19.473817,-2.300500,2.474824,0.071515,1.040294,-0.452253,-0.513877,
90,3.743005,-1.513257,-15.173517,5.353737,-6.863746,-3.888259,3.368018,4.720338,-17.441404,-0.808902,0.918282,4.503507,0.620843,-5.982834,3.063978,5.942906,6.619839,-21.978232,-0.285406,-0.140107,2.063823,-1.661217,0.920607,4.439322,
91,-1.535620,-0.760931,2.167682,5.391116,-6.994734,3.691487,-1.734608,0.527988,5.919130,-1.237780,0.583963,5.445879,-0.333112,-13.222282,13.816801,9.081591,3.075445,-24.366859,-1.781267,0.807104,4.759507,1.326637,-0.263239,-3.931851,
92,-1.043598,1.073726,-2.769633,5.206046,-8.685735,4.733700,7.535959,-0.045422,-13.691859,-5.592747,3.586245,11.236362,2.066369,-12.207497,6.825556,7.880352,-8.402699,-7.667357,0.564956,0.317250,-3.011889,0.563535,-0.340670,-1.456729,
93,0.983495,-0.586193,-5.098991,3.657070,-6.153781,4.111916,6.308294,-0.219876,-12.446877,-4.621716,7.987026,3.413285,-3.960986,-7.950373,14.246513,7.070796,-7.095401,-8.421175,0.507399,0.966111,-3.599183,0.390356,-0.380234,-0.750070,
94,2.635477,-1.955339,-8.529098,4.285194,-6.289808,1.377328,1.541295,2.684170,-7.049562,-4.561007,6.544365,5.093543,1.088314,-7.521070,3.634895,10.337982,-4.993067,-17.356851,0.705655,0.469609,-4.493918,0.233758,-0.318283,0.201603,
95,-2.084507,1.185806,1.184611,1.306101,-5.238131,9.916188,4.726107,6.676315,-15.203674,-6.829516,6.538900,10.480685,0.175141,-14.028209,13.040431,6.636477,-2.639042,-11.525119,0.202554,-0.059583,-0.339033,1.287747,-1.206842,-2.733169,
96,1.435275,0.034265,-4.182581,1.909507,-6.809802,11.386396,-5.778522,8.997818,6.039007,-3.395719,4.396805,6.043434,-2.204195,-3.379057,4.581410,6.915874,2.857405,-18.583589,-2.253494,0.170406,10.812167,0.139123,0.484713,-2.926790,
97,0.310188,0.089661,-6.119025,8.661421,-10.520362,-2.068430,4.361611,0.948268,-9.609119,-0.761770,1.395460,4.662842,-13.407941,17.269293,5.478987,10.688557,-3.501271,-18.919240,-0.897722,0.142262,5.099565,-0.847748,0.834884,0.765364,
98,0.403986,-0.268535,0.213404,3.692477,-5.722143,8.115411,6.248287,-1.971874,-4.381033,-2.515551,2.008514,6.800685,4.404144,-0.265883,-10.578915,12.148550,0.370838,-27.057656,-0.505866,1.655463,2.410079,0.617579,-0.392657,-3.611202,
99,1.913808,-0.255570,-10.506364,4.407309,-7.289419,0.331259,5.092272,-10.846480,-0.156266,-1.225967,0.134116,6.911272,-1.363649,1.002266,-1.648538,7.219429,0.447441,-16.500929,-0.634469,0.538737,-2.333376,0.319007,0.419103,-0.018054,
100,-1.374598,1.640489,4.030352,3.123801,-6.549309,12.553581,8.716638,-3.716966,-6.037399,-0.335006,-0.209424,5.680045,-2.264899,4.080272,-2.724161,16.738668,-7.097639,-27.527825,-1.668033,2.415732,7.952118,0.466319,-0.233035,-4.618724,
101,-0.473456,1.563605,-3.290823,3.629540,-5.663009,4.990983,5.886654,-4.132328,-4.585516,-7.031882,8.426716,8.498600,-5.125466,0.116352,7.553216,1.457839,8.122348,-12.975822,-1.352897,1.196488,4.476617,0.364045,-0.208481,-1.775332,
102,-4.493818,2.149097,-0.161339,1.274822,-8.025460,8.345411,10.087637,-10.902714,-11.748040,-4.012899,1.422480,11.248005,-1.905285,-5.027172,9.073775,11.207130,-7.315388,-15.595203,-3.729690,3.109471,0.265159,2.326039,-0.456518,-3.042544,
103,-2.417355,3.263074,-2.920479,0.639032,-4.158837,7.839735,-0.864040,3.843333,-3.233031,-5.886331,7.425883,6.578549,-5.078374,5.558120,0.265528,5.872095,1.411163,-15.289958,1.401170,-0.364062,-10.543355,2.662991,-2.533022,-2.763872,
104,0.242034,-0.402532,-1.738766,4.862800,-3.665571,0.410708,9.233042,-8.806889,-8.937480,-2.601740,6.434083,1.639141,0.435766,-4.531284,0.913946,8.612950,-5.282511,-13.862089,0.087213,0.441107,1.184756,-0.349690,0.419238,-0.919574,
105,3.203648,-4.812266,-7.944833,0.456350,2.227851,-1.623697,6.473828,0.470527,-16.018308,-2.496408,4.224186,4.216589,0.506815,4.839372,-10.098650,10.626054,-3.211288,-18.921198,0.824436,1.135050,-6.768765,0.207956,-0.483001,1.159760,
106,-3.323312,4.625628,-10.938814,4.524294,-7.582299,-4.135779,10.269823,-11.798278,-14.990964,-4.744000,4.835297,7.958965,4.136776,-16.846718,8.783139,8.897264,-6.679887,-11.064140,-3.080386,3.778823,-3.961264,1.018301,-0.371223,2.148324,
107,-1.158484,3.565169,-2.311709,4.683851,-8.998545,8.438286,6.168033,-4.345865,-3.885415,-4.645395,5.585355,7.576425,3.900577,-2.100871,-8.797973,14.080226,-9.819686,-18.514748,0.894152,-1.007596,2.103586,0.216014,-0.266688,-2.259470,
108,2.570491,-1.909753,-9.031950,6.177235,-4.349785,-4.009168,0.405571,-11.201206,13.856411,-3.669956,5.868375,5.928435,-6.817166,8.634721,3.206150,6.206987,4.633641,-17.479719,0.547806,0.093862,-3.411435,0.140444,0.114543,-0.273154,
109,0.337287,-0.137783,-5.878916,4.135333,-7.207656,3.266634,4.450327,-2.396972,-6.276414,-5.502434,4.376646,10.069740,-1.732600,-5.535435,8.619508,5.144953,2.188592,-13.935744,-1.036847,0.761239,0.443742,0.567531,-0.081664,-0.922115,
110,1.364430,-0.971264,-8.953251,8.147707,-8.599245,-5.741359,1.712518,6.758984,-14.778183,-5.445696,8.563391,5.261234,1.187982,-10.885149,6.333763,9.463088,-2.756055,-17.652403,0.283261,-0.140511,-0.534394,-0.818147,0.211676,2.682037,
111,1.224129,-0.006651,-4.545989,4.512072,-10.704862,9.260292,-5.464077,10.197363,2.339896,-3.900269,7.242016,4.090967,-4.916827,9.314518,-3.531769,5.240778,8.944820,-21.198128,-0.255586,0.098245,0.794010,0.812342,-0.172286,-2.859981,
112,-0.270505,-0.456924,2.537097,1.798736,-2.051556,8.779573,8.185707,-6.403994,-3.087816,-4.123289,8.320654,2.696682,-3.174775,0.895704,3.666927,5.831750,-1.293581,-11.474933,-0.589933,1.624472,3.107627,0.679534,-0.362025,-4.066578,
113,-0.547358,-1.816969,-2.398883,4.129915,-5.449726,1.295266,7.613383,-1.211886,-15.133605,-3.562190,9.128396,0.780817,3.027866,0.945201,-9.972090,14.782291,-10.857760,-18.490441,-0.590960,0.389331,-0.334448,0.382918,0.129824,-0.637633,
114,-0.107978,0.467812,-3.278904,5.435243,-9.475906,5.597708,6.506736,-0.008401,-10.368264,-5.488239,5.223107,9.678034,1.024810,1.094096,-4.941600,8.860612,0.778742,-19.315478,-1.403555,0.081900,7.783391,-0.358580,0.842360,-1.341041,
115,2.867611,-2.052995,-7.447477,6.760871,-4.967375,-2.745527,0.909386,-1.335434,0.633628,-2.265728,2.907513,4.757319,1.511775,-0.507307,-5.162423,4.315259,-1.248872,-8.335651,1.280249,-1.525384,0.155846,-0.553876,0.285658,0.133080,
116,-0.435640,-0.128643,1.846433,2.328227,-5.670167,10.281761,2.645070,11.053465,-13.446537,-3.509619,4.473507,5.265344,-4.342024,0.124751,5.932371,6.374559,-1.031644,-12.614579,0.242851,-0.464682,3.676548,0.718094,-0.845532,-3.171935,
117,0.001185,-2.007073,0.485306,-0.003262,-0.936225,7.516900,-4.060488,9.697133,-0.394840,0.502840,0.040094,2.578009,-0.071601,-2.839760,3.120391,9.960173,-1.751075,-19.347880,-0.339040,-0.156789,-1.559364,2.268847,-2.011800,-3.799102,
118,-0.569340,0.951922,-5.031536,3.872827,-4.706109,1.223251,9.459594,-8.593960,-8.940940,-2.832929,7.543538,0.762379,-1.212801,-1.088061,0.737928,12.386036,-8.085632,-18.439780,-0.806239,-0.631048,5.025262,-0.325893,0.404706,0.103307,
119,-0.523994,0.614832,-2.054455,2.388819,-3.828377,5.527104,1.908468,1.798254,-4.091621,-1.513754,-2.446043,10.677392,1.639879,-7.463557,4.422455,10.407433,-7.206677,-13.170214,0.087201,-0.078972,0.193658,0.913982,-0.788946,-2.166918,
120,-1.805978,5.596505,1.697949,7.191087,-11.915374,12.215433,5.260967,1.620474,-3.869137,-5.579887,4.934906,10.314969,3.406928,-5.410532,-2.170667,12.798919,-6.889219,-19.490656,1.359595,-0.917210,2.088375,0.894592,-1.279813,-5.025133,
121,1.085815,-1.647332,-6.102017,-1.462735,-2.083232,7.721373,11.199902,-4.274591,-20.178586,-1.738482,1.413032,5.620815,-5.344663,8.231384,-1.311989,10.456336,-4.658177,-17.966748,1.671969,-0.118341,-9.616439,1.107611,-1.324788,-0.092699,
122,-1.208801,0.479905,4.428942,1.579971,-4.774988,13.047350,-1.374053,3.358995,4.792424,-2.858794,3.441028,5.831579,3.273495,-15.014434,7.289353,9.555633,-4.761640,-16.100469,-0.445456,-0.121441,3.694871,1.928069,-1.249679,-6.066864,
123,0.971705,-1.473169,1.250348,5.982026,-10.786622,10.146100,-2.030223,9.876210,-1.013928,-4.515445,8.861475,2.701247,4.026898,-7.749602,-1.788012,9.491438,-0.709433,-19.707348,-0.965787,2.204211,3.307465,0.988306,-0.579647,-4.526216,
124,1.150008,0.956562,-9.324669,4.766304,-6.012939,-0.004998,5.376341,0.694274,-13.764302,-1.723483,-1.192075,9.283287,3.951215,-10.625715,2.127015,8.145703,-1.446735,-15.856473,-0.348466,1.233401,-0.653461,-0.335786,-0.178431,1.371853,
125,-0.497673,-2.191308,-8.315807,1.627964,-3.327202,-2.661961,3.110016,-2.197494,-10.807743,-2.540202,4.158896,3.813946,2.240695,-10.765912,6.623918,7.834671,-4.561924,-11.950918,-3.830450,4.256588,-2.496595,1.472151,-0.483078,0.995840,
126,-5.069062,4.733450,3.020831,5.209035,-7.637853,6.233568,14.445827,-14.190633,-9.696086,-3.914956,4.675040,6.763808,-0.639417,-0.102064,0.292612,13.013719,-5.693947,-20.807367,-1.820576,0.057837,10.155977,-0.525383,1.461116,-2.454317,
127,-0.487435,2.037851,-2.413622,3.343805,-6.684086,8.424382,9.129718,-4.344403,-10.819739,-8.525210,5.290020,15.914329,3.536697,-8.631917,0.266698,11.803425,-5.424989,-19.161064,0.494870,-1.364853,3.522620,0.074468,0.176433,-2.291294,
128,2.112225,0.352842,-11.442230,7.240908,-10.897745,-0.466129,5.484159,0.380639,-14.067841,-4.971750,6.836126,6.580998,-5.998403,12.038317,-3.262266,8.863885,-3.076083,-15.250218,-0.813697,0.085054,4.818017,-1.455499,1.147544,2.501632,
129,0.319130,0.628733,2.100912,5.773943,-5.586161,6.855126,6.489476,4.874715,-11.454034,-3.572363,4.823131,5.935918,-1.155590,-1.687117,3.984369,11.139509,-2.014590,-21.348587,3.339841,-4.077830,4.157290,-0.992089,0.340387,-2.563376,
130,1.127102,-0.686459,-5.871758,8.223938,-9.802120,-0.844727,3.328464,-1.762897,-5.043963,-1.172654,-0.180074,6.061996,1.377859,-10.095102,5.531117,7.755721,-3.807512,-13.050172,-1.046585,0.131909,6.168262,-0.798178,0.965418,0.141900,
131,1.034771,-2.900015,-2.188917,4.464910,-2.916943,-0.583356,0.594648,2.624261,-2.872614,-0.855450,-1.220356,6.863439,-2.966872,-5.387702,10.323560,5.129003,-7.893338,-1.831883,0.611401,0.352860,-3.379389,0.620283,-0.384647,-1.515812,
132,4.474755,-7.078002,-12.765140,0.356993,-5.228060,1.302078,-1.684507,9.695849,-19.885510,-4.982254,5.867470,6.108052,3.235755,-11.291035,3.102575,9.129386,-0.834642,-20.236004,-3.048058,2.095190,1.573596,-0.940895,0.788537,4.991797,
133,2.466653,-0.367558,-10.004665,6.817505,-8.121565,-1.434356,1.510953,2.789080,-6.445476,-5.045331,12.042743,1.154945,3.261229,-10.315922,4.162280,11.980029,-5.311995,-19.397083,1.552014,-1.378572,-1.846659,-0.789804,0.301323,1.412065,
134,-2.540551,-0.320249,5.284238,1.303571,-3.642945,10.123053,0.541415,7.951500,-6.147185,-9.975269,14.019337,9.150387,1.746997,-0.183124,-5.478607,5.638092,2.492967,-15.184105,0.680455,-0.051794,-4.550766,2.639284,-2.167127,-5.187656,
135,3.499041,-1.810701,-10.704939,4.581308,-7.276861,1.451716,-0.492135,1.135191,-1.632156,-6.561934,5.628707,10.832108,-6.301825,9.372763,-0.559463,4.155297,4.852546,-15.822385,-0.080339,-0.455915,-0.233627,0.064644,-0.165149,0.477180,
136,1.107582,0.863439,-9.382070,6.574507,-10.768534,1.177111,3.292365,4.734011,-15.644316,-3.506759,3.786905,7.108792,-3.298909,1.238865,4.043503,6.264038,5.985439,-19.796698,0.593017,0.935725,-5.135311,0.084888,-0.356111,1.051659,
137,1.178070,0.324837,-7.191746,6.542836,-9.567370,2.136062,0.954441,4.757241,-3.253356,-0.858411,-0.380623,4.913748,-8.321632,16.979875,-5.424989,5.063515,3.689109,-16.210179,-1.109670,0.078174,6.201566,-0.410111,0.721315,-0.686854,
138,-0.371846,-2.483620,0.252381,0.450140,-7.494958,12.566458,1.487321,4.293764,-7.613224,-2.799274,3.191982,6.166875,-1.972606,-1.647735,3.564023,8.404338,2.765025,-21.693014,-2.643835,1.827486,3.028141,1.781527,-0.422885,-3.745486,
139,-0.941453,0.979481,0.084965,4.598921,-11.186981,10.678642,4.457499,4.262440,-10.052856,0.811630,-3.396956,6.025697,2.015307,-18.958033,16.670609,11.502692,-8.988446,-14.179046,-1.279780,1.032204,5.689764,0.518791,-0.025729,-3.021684,
140,1.644256,-2.078098,-5.263063,3.352004,-1.328302,-1.533969,-3.591861,9.680367,-3.568046,-6.764320,11.104356,5.294679,-2.151807,-10.166732,14.130087,8.100350,-1.222857,-15.679293,-0.222512,-0.095991,2.597258,-0.150840,-0.244577,0.289464,
141,3.281968,-1.796429,-11.106046,2.680528,-6.379101,3.128514,3.065402,2.351911,-11.532121,-2.781665,-2.940309,13.167109,-1.805289,-3.897431,7.182478,2.885905,-2.133738,-3.534786,-0.017099,-0.573462,0.197586,-0.303414,0.142715,1.373160,
142,-0.101316,0.893190,-7.623352,6.347541,-8.695400,-0.962220,8.788350,1.716836,-21.911176,-4.323041,5.514357,5.828306,-1.010736,-2.586398,3.219932,14.427604,-10.698392,-18.092256,0.925340,-0.390061,-3.323468,-0.491374,0.033937,1.819463,
143,1.368567,0.181246,-8.435494,4.777881,-6.019232,1.268226,0.980525,10.129108,-14.306549,-5.918566,12.205118,1.761047,-0.280633,-4.704600,4.507682,6.738421,-1.808632,-12.373819,2.273352,-0.108649,-6.972938,-0.685391,-0.811245,2.454652,
144,-0.709612,1.501573,-2.163757,6.558924,-8.688840,3.252327,7.676884,-5.623860,-6.785929,-4.280624,6.729707,5.399559,6.223190,-13.881773,3.197183,6.844469,0.720190,-15.316420,0.016702,0.945257,-0.266144,0.434651,-0.283076,-1.993654,
145,-1.702550,-1.053852,0.923724,1.703883,-8.247163,10.496086,4.148789,-3.646424,-3.441040,-3.233090,1.877500,7.663683,0.016215,-17.502767,16.973461,12.345726,-4.811919,-21.798673,-2.672981,0.127505,8.184785,0.962136,1.009925,-3.676659,
146,1.603129,0.947319,-12.893263,6.025586,-3.630911,-8.167572,4.725371,-8.121189,-3.808214,-3.663335,4.503605,6.488887,-4.319030,6.620202,-1.346173,9.466144,-2.538397,-17.216640,1.330318,0.845331,-8.946284,-0.074590,-0.401839,2.402724,
147,-1.331466,-0.163734,1.124698,3.578766,-7.135101,7.564363,4.362961,-0.174196,-6.574665,-3.569392,3.168370,8.125506,-4.196898,3.956144,2.329869,7.446386,-1.205223,-14.688590,-1.247656,0.281342,4.863830,0.745043,0.044951,-3.071065,
148,-0.701296,0.840212,-5.558462,8.683173,-11.392101,-1.631529,3.710435,2.630160,-10.392348,-4.651149,2.566410,11.171487,-6.668613,6.289224,5.950833,6.681588,-3.872372,-8.858426,0.966089,-0.102758,-4.354817,0.293120,-0.468658,0.326453,
149,3.585803,-0.754574,-14.577637,5.962815,-7.183310,-3.589806,5.816407,-7.089555,-7.918878,-4.115207,3.170160,8.480627,-1.563810,5.652060,-3.286999,10.213029,-1.415005,-20.487672,0.958466,0.071232,-5.706442,-0.668289,0.535653,2.484046,
150,4.531301,-8.284160,-4.137817,3.207689,-8.349817,7.052390,8.149666,9.467483,-26.950709,-7.447345,10.256856,7.313455,-2.034374,-13.693447,17.826161,4.738117,3.538647,-14.809946,0.264555,0.119997,-0.540281,-0.378347,0.730547,-0.339579,
151,3.324280,-2.731229,-9.791910,4.628548,-5.692115,-0.563907,-3.384125,11.253213,-8.478337,-4.969306,4.438295,8.554651,0.574022,1.342209,-5.643538,5.083958,-2.172068,-9.505260,-0.438114,-0.285830,2.502261,-0.562909,0.337764,1.389675,
152,-5.855890,2.774541,-0.150171,8.409524,-14.386818,-0.153176,6.857501,5.548371,-23.475548,-3.660733,2.413793,9.348461,-5.510766,5.906918,3.336339,15.084354,-4.277958,-26.441269,-2.023581,2.270914,-0.938574,0.592976,-0.231475,0.849605,
153,-0.847475,2.780808,-1.272143,6.360043,-7.087582,3.902533,-2.396540,1.113800,8.486505,-2.728636,2.314928,5.682868,8.026653,-16.552468,-0.372018,12.847378,-12.912001,-13.958038,-3.716282,3.408344,11.268049,0.694085,-0.556662,-3.349248,
154,1.785009,-1.345232,-8.279723,5.803041,-4.295384,-4.392532,4.121851,-3.015098,-7.126626,-2.537356,0.462590,9.047737,-1.190741,2.520508,-4.105479,12.522583,-4.747486,-22.610098,0.802124,-0.352346,-2.584030,-0.303063,-0.019263,1.266840,
155,-0.656101,0.622633,-4.903746,5.902768,-8.130018,0.548608,5.514619,1.465599,-13.765083,-4.251347,4.724486,7.973603,-9.194430,6.782189,10.534113,5.718308,2.227953,-14.707672,-0.601334,-0.272187,3.229627,-0.261781,0.164805,0.531478,
156,-3.921244,4.674476,-0.733348,5.063915,-8.504735,4.781043,7.144387,-6.060823,-7.193844,-2.674622,1.371533,7.569665,-3.653376,-10.788136,17.698306,8.127623,-14.138802,-1.225699,-0.568453,-0.180186,2.312320,0.664848,-0.121958,-1.992440,
157,-1.956153,-0.469423,1.227859,4.401586,-11.975085,10.141975,2.683653,5.010152,-9.969127,-2.528721,3.086464,6.048264,-0.799409,2.503646,-2.728931,12.681249,-4.887000,-21.590707,-2.088583,1.329576,2.861864,1.481301,-0.323960,-3.420807,
158,6.055016,-5.325492,-9.780345,5.307415,-5.186169,-1.095504,3.019774,4.702458,-10.590619,-2.180883,2.441351,6.470126,1.392556,-2.778812,-1.085434,10.756836,0.840645,-23.175412,1.916619,-0.783963,-3.644725,-0.712496,-0.269307,1.276207,
159,3.763619,-3.024111,-12.250571,5.714641,-3.795677,-7.261346,-0.064941,0.032813,-3.193585,-1.352982,2.928575,3.102606,1.105235,-8.170261,4.422585,2.824566,9.201648,-17.855977,0.775504,0.777124,-6.307228,-0.223428,-0.234545,2.364226,
160,1.619324,-2.921302,-2.226274,5.942438,-10.204800,5.533054,-1.777653,10.297222,-5.028090,0.164369,-0.171063,4.367985,-4.468354,10.214017,-5.094445,11.406827,-5.281177,-17.794209,-2.048501,0.018170,9.718746,-0.286156,0.854902,-1.807313,
161,2.242008,-1.357748,-6.337760,7.271098,-8.943469,0.725847,0.334399,7.564921,-7.659148,-2.430346,4.729341,4.112842,-7.461936,1.643674,10.737205,2.890432,9.470190,-17.360129,0.065969,0.817954,0.717340,-0.470598,0.162433,-0.067521,
162,0.434311,-0.178926,-5.772945,6.501642,-6.320661,-2.644112,6.847381,-2.065559,-11.311335,-0.217257,0.098429,3.886643,-1.264163,-4.804590,7.017567,11.525588,-1.991336,-23.074522,-0.547165,1.139358,1.031507,-0.332198,-0.097980,0.801059,
163,0.282615,-0.323823,-3.588554,2.797770,-7.916510,8.196682,3.300190,-0.559688,-4.918845,-4.862029,3.846429,9.815446,-10.047376,15.622109,0.933413,2.282114,4.095748,-10.121715,-0.158138,-1.074072,1.658053,0.779468,0.043077,-2.339496,
164,0.908323,-0.959805,-6.863380,6.666101,-9.219054,-0.195043,2.060960,7.409006,-14.076081,-2.489842,0.942273,8.620608,-0.565840,-2.190883,1.516807,7.528442,-0.990341,-14.343689,-0.296994,0.452001,0.264268,-0.321511,0.155891,0.963597,
165,0.743057,4.203525,-9.858605,5.353770,-7.441823,2.318506,-0.024242,-8.020534,10.298096,-6.043647,7.456544,8.442390,4.302776,0.781734,-11.819995,6.800205,1.346252,-17.296804,-0.280490,1.127221,-0.348929,0.340071,-0.317922,-0.969825,
166,4.148916,-1.385428,-15.728995,4.696457,-4.188058,-5.468290,4.493960,-4.695196,-7.641664,-6.790671,13.506865,2.001166,0.371030,-3.853561,1.824880,7.516642,4.784444,-22.597093,1.132936,0.283075,-6.516882,-0.712753,0.226182,3.247014,
167,-1.716007,0.845151,-4.910820,8.425325,-4.809843,-9.134127,6.133327,-2.791513,-11.666599,-2.606021,-1.892708,12.825562,-2.236129,1.405358,2.403799,7.837460,-5.005295,-11.221805,-4.130667,4.394957,7.747090,-0.447162,-0.472044,2.366298,
168,-2.744887,2.198061,0.465345,2.147364,-5.379285,7.821045,5.601755,-4.148648,-5.319857,-4.504198,4.704261,7.970273,6.564424,-5.500601,-11.488603,13.007936,-3.511980,-24.374208,-0.639701,-0.304212,2.015700,1.259174,-0.539872,-3.035424,
169,-0.547781,-0.229951,-5.024652,6.333399,-6.924177,-2.339229,3.896528,6.087480,-14.525939,1.194548,-3.438947,5.172759,-11.998779,14.595794,7.567172,6.971399,1.262235,-15.390293,0.040164,-0.075134,-0.081111,-0.049058,-0.366125,0.993428,
170,-1.365559,1.242002,-1.173071,2.880202,-5.302756,6.093620,9.836722,-7.899905,-9.972020,-3.730208,3.415414,7.763302,-8.011470,0.362578,13.922455,7.104689,-4.336106,-11.568533,-1.216137,-0.352219,6.988708,0.068223,0.183876,-1.476742,
171,2.398911,0.332509,-15.061568,6.768934,-6.650397,-7.487353,1.226971,-2.707396,-3.097558,-6.920755,9.424891,7.468319,-6.064929,13.738265,-4.181715,10.267673,1.389950,-23.053840,-0.831812,1.566680,-2.434033,-0.442224,0.004041,3.202505,
172,-1.587229,3.603901,-8.549214,6.838882,-6.894230,-5.296208,7.490485,-5.897212,-10.816793,-6.371208,9.225122,7.179366,-2.747921,11.817005,-10.444838,10.024620,2.479659,-24.484839,-0.514327,-0.458400,2.227818,-0.566713,0.286171,2.100993,
173,2.380159,-3.209960,-3.151243,4.545591,-5.373698,3.627539,-3.604884,7.473131,1.062089,-1.918540,0.091543,6.314066,-2.219212,-2.260968,5.178641,4.042531,-1.084127,-9.603365,0.178117,-0.237296,1.233910,0.651005,-0.490421,-2.257612,
174,2.693325,-0.266761,-9.718604,6.040535,-5.991868,-0.963436,2.103940,-4.743999,0.600750,-1.484158,-0.103126,7.078888,1.034447,-7.601768,2.559768,10.742374,-8.009938,-14.649469,-1.616869,0.246064,10.205625,-1.642895,1.638449,1.104181,
175,0.574933,-2.231575,-0.543682,5.553086,-9.688716,6.585107,-3.095613,10.150993,-3.905374,-2.728306,2.821627,6.523625,-0.733314,-13.663405,13.872620,13.473154,-12.513572,-14.776723,-0.998491,0.219250,4.534306,0.631611,-0.051288,-2.713592,
176,2.381451,-6.686678,0.609253,1.369572,-3.930669,8.406482,5.237113,5.315212,-14.425906,-4.498341,6.350675,5.998114,-6.611459,-0.168870,9.657006,8.108291,-3.472532,-13.932858,-0.490409,0.065427,2.041347,0.551355,0.275896,-2.798066,
177,-0.032773,-1.012960,-4.900110,5.583426,-7.127859,-0.407039,-1.855146,0.491137,1.917893,-2.178987,4.469456,3.406350,-3.050365,2.050285,0.323683,9.654583,3.186992,-25.276455,-2.317853,1.982290,1.154129,1.185510,-0.305397,-1.499479,
178,2.564411,-0.126784,-12.547627,5.089223,-4.532222,-4.094653,6.101674,-1.802656,-12.405702,-5.494720,6.886675,7.640856,-3.049961,-0.143135,3.600225,10.689938,-0.560025,-23.086235,1.366976,-0.177743,-5.026835,-0.823283,-0.076796,2.993747,
179,0.580247,1.218943,-10.357886,2.909848,-2.250897,-2.824595,2.845751,3.242177,-11.385469,-1.936889,2.195346,5.883243,0.551157,-6.467846,4.618970,12.694116,0.436529,-27.150450,1.283138,-0.060707,-7.173784,0.545196,-1.303822,1.676247,
180,-1.575574,2.565437,4.916611,3.553986,-7.976432,14.767326,0.290087,5.315622,1.385709,-8.732691,7.254602,13.133261,-7.731660,3.752464,7.644079,2.614441,3.635533,-11.499171,0.963560,-1.297844,4.800508,1.185218,-0.880855,-6.023520,
181,0.867429,-1.789067,-3.831756,4.188567,-9.601342,6.903026,0.262528,12.079250,-13.257381,-10.213808,14.135806,8.882147,-12.397671,8.420002,12.938483,2.570897,1.912505,-7.597847,-0.632481,-0.801460,4.612780,-0.128592,0.284101,-0.642123,
182,-1.114526,-0.181567,0.077887,2.120874,-5.043829,7.609156,-1.685236,1.638906,3.754532,-1.296320,4.948565,2.096851,3.996780,0.636591,-9.616022,8.905340,4.882050,-23.670392,-2.150402,1.300181,3.850612,1.529532,-0.374027,-3.890007,
183,-2.900828,2.831250,-2.783853,5.118508,-6.638663,0.499063,8.220194,-1.731365,-16.905247,-5.209709,6.028711,7.925666,-2.300291,7.522775,-6.400259,10.983447,-3.658662,-20.055254,-0.106135,-0.178068,-0.777543,0.635240,-0.617425,-0.274264,
184,2.358233,2.589762,-13.880393,6.882480,-13.937374,4.124963,-0.239584,2.314036,-7.083964,-3.580332,1.227983,10.347608,-9.385792,16.241092,-1.169700,1.293648,7.187528,-12.012117,-0.577685,0.671557,-1.202640,0.124960,0.026861,0.660827,
185,-3.732554,2.886517,6.221785,1.100906,-3.511463,12.119920,10.889844,-14.752649,0.985667,1.135139,-3.249414,6.177321,5.921758,0.363848,-14.951610,12.575049,-3.473971,-22.828504,-0.919368,-0.718224,7.287155,1.253843,-0.020508,-5.900044,
186,0.652452,2.109138,-11.997599,7.415734,-5.937285,-7.890373,4.793736,-8.527666,-3.947635,-4.923719,4.836335,8.929068,-3.240512,-10.684992,16.107742,9.557187,-4.796636,-14.972118,-0.324801,1.143600,-2.788216,-0.310051,-0.099758,2.426861,
187,-0.761951,4.431151,-10.750600,4.756795,-4.731800,-2.910448,7.017803,-11.557791,-4.306744,-4.315781,4.188451,8.182147,-6.849615,10.796948,-0.789841,7.405444,-0.357779,-16.096953,-0.271741,-0.497609,1.297344,-0.505909,0.297711,1.865156,
188,-1.918927,0.578078,-5.352398,8.693662,-10.444115,-5.294094,7.262326,6.940483,-24.721530,-1.247495,2.582047,3.802051,-8.508030,15.659482,-4.040943,8.246057,0.064491,-18.286973,1.863459,-0.077175,-10.520887,0.637985,-1.364402,1.905167,
189,1.108287,-0.690378,-7.565819,4.496278,-7.427895,0.900357,3.428767,1.284693,-11.057578,-1.431421,-0.824322,8.283702,-0.727919,-8.139666,10.241661,10.496415,-11.116110,-9.502536,-0.357629,-1.120920,3.214206,-0.621609,0.530988,1.402757,
190,-0.756297,0.829105,-2.652237,4.849087,-6.433425,2.768051,6.070814,-2.946354,-8.026434,0.947655,-1.533602,3.780256,0.382108,-14.813520,14.592463,15.892361,-8.235754,-25.368669,-1.371832,-0.465569,8.172773,-0.302435,0.510249,-0.871166,
191,-2.040808,1.591705,1.176923,6.816588,-11.093832,6.264296,-3.577543,8.668964,-0.140441,-3.383753,2.532833,7.534790,-2.512413,-2.084956,5.997697,6.033354,-3.442590,-9.573740,0.103945,-0.052346,-1.516613,1.789193,-1.446066,-3.763521,
192,0.874775,-4.031674,-0.711648,5.318043,-7.479507,2.761456,7.135930,4.378069,-19.375693,-4.707991,6.996983,6.375770,-3.003474,-0.039683,3.905683,9.016785,-2.895106,-16.671858,0.035100,-0.481879,2.446612,-0.304389,0.682491,-0.762408,
193,1.762115,-1.107673,-3.580741,0.984791,-3.107783,9.108824,2.737807,-4.533881,3.454756,-1.456601,3.693601,3.027961,4.408051,-6.706287,-3.627206,13.986976,-3.975521,-24.708411,-2.030723,0.255276,10.403429,-0.034262,0.612646,-2.627272,
194,-2.668848,1.677444,2.234426,3.859216,-8.963221,9.451011,0.605669,6.283214,-6.236838,-2.698000,3.749443,4.976511,3.543756,-6.308722,-2.600666,11.117339,-5.900257,-18.461432,-2.749995,-1.058742,10.460853,1.089084,-0.415005,-3.533648,
195,-0.730985,-1.501442,1.133681,3.022310,-4.763201,6.020274,-3.307410,3.328584,5.870757,-3.781921,3.387990,7.766262,-2.400155,-6.203067,8.813408,6.393928,1.149176,-15.525563,-1.821702,0.940171,3.639252,1.487762,-0.330947,-4.111222,
196,1.767878,-1.189679,-5.696381,4.796652,-6.083944,1.782749,-3.503656,6.953384,0.388525,-3.720471,4.986789,5.851356,-2.620520,1.885214,0.684313,8.074039,6.125220,-24.952036,0.684734,-1.004011,-0.274058,0.187486,0.043744,-1.085419,
197,1.395610,-0.847721,-4.693059,4.112569,-6.086343,3.787830,1.273908,8.834771,-11.198533,-4.441842,7.431558,4.704357,0.577716,9.941807,-13.701997,12.387987,3.369971,-29.944854,0.384243,-0.444220,1.460430,-0.041438,-0.172548,-0.679714,
198,-3.860954,3.485916,6.111189,1.128102,-3.064628,12.268271,7.248294,-3.284439,-4.188724,-4.413671,9.630196,2.762812,5.502312,-8.610831,-3.066279,9.340398,3.498261,-23.748418,0.023507,-0.343298,3.990454,1.578857,-1.321212,-5.331410,
199,-3.247669,2.242110,2.383853,4.372266,-9.371620,9.418638,0.824392,1.814248,-0.386215,2.695037,-3.255378,2.452506,-8.176260,16.984151,-6.512348,9.220704,-2.579477,-17.184687,-0.858878,-0.145798,2.841051,1.714944,-0.900409,-4.236099,
200,-1.403268,2.754602,-9.768997,2.725302,-8.393792,2.423230,10.582783,-4.008737,-23.435052,-5.393904,7.912187,5.708184,7.542848,-8.863016,-8.600035,6.513114,2.725919,-18.614509,-3.566486,2.036131,5.414972,-0.520428,0.513300,2.910594,
201,-3.518789,-0.827896,9.676300,-0.446189,-3.499741,15.226440,5.649688,8.326630,-14.172412,0.343195,-0.026984,3.560227,-2.807282,5.397299,-2.947929,7.321360,-6.799393,-8.678607,-1.249344,0.060424,4.815835,2.219157,-1.526300,-6.080895,
202,0.123461,1.667920,-12.102684,5.769643,-7.131693,-4.209028,10.385531,-1.979615,-24.069007,-3.448867,3.048925,7.869173,1.890277,-4.760367,-0.400357,7.473105,4.697106,-21.993034,0.602086,0.435504,-5.099303,-0.769075,0.112701,3.732399,
203,1.018467,-1.428940,-2.228491,5.521887,-6.247106,2.415989,-0.536595,1.279844,1.019769,-3.984792,8.978392,1.131060,-2.783251,-2.085802,4.847495,7.273940,1.646873,-18.450386,0.193659,-0.215679,0.994093,0.637114,-0.554794,-2.063430,
204,2.030947,-2.398061,-12.150620,5.008826,-5.752481,-5.574529,3.899705,5.620695,-19.444367,-2.897010,1.881850,8.532819,-0.480782,-3.125301,3.752114,12.086102,-3.767642,-20.479057,0.802501,-2.017511,-2.330338,-0.943416,0.569824,3.960642,
205,3.437925,-4.874317,-5.002090,2.385853,-3.627720,4.227049,-0.205641,6.227073,-5.470661,-8.788713,10.264712,11.755561,1.191611,-2.103152,-0.948632,2.509900,8.441644,-14.545101,-2.143492,0.111291,8.728140,-0.331903,0.730948,-0.869849,
206,2.762932,-0.787464,-9.096810,2.363537,-8.005699,8.272472,5.582570,0.909084,-10.934125,-6.549848,8.205645,8.040068,0.495825,-4.653549,3.409396,8.184624,-2.793979,-13.684544,0.640063,0.266955,-3.066840,0.179159,-0.036833,-0.621643,
207,-0.189934,1.805517,-4.568414,5.853358,-7.597187,2.654503,3.605232,-5.352434,-0.184169,-5.271323,5.786494,8.096249,-10.784594,6.432353,12.744586,8.482028,-1.559445,-17.156305,0.089806,0.160594,-0.328812,0.417604,-0.119858,-1.693353,
208,5.146246,-5.487675,-10.823855,4.952476,-5.062307,-3.053787,2.692853,1.928841,-9.972323,-0.498736,-2.135706,7.227472,-4.113577,4.767855,1.601964,11.960151,-8.940619,-15.329603,0.745826,0.124936,-1.929337,-0.985724,0.771542,2.101563,
209,-1.875273,1.823784,0.809109,-2.044188,-0.571846,11.801031,-1.503962,4.903983,1.112780,-2.823924,7.939561,0.047249,-5.931438,5.340148,3.999452,7.145771,2.526472,-19.038919,0.360972,-0.098996,-4.902247,2.997792,-2.725528,-4.849055,
210,-2.643906,2.587473,-1.677633,6.811160,-7.591154,-0.262766,7.174685,2.618409,-17.128418,-4.547029,2.765357,11.139130,-2.379433,-5.344269,9.340783,7.669127,-4.800952,-10.517528,-0.210360,-0.113452,2.601170,0.020640,-0.298709,-0.282434,
211,-1.646207,2.251116,-3.539103,0.911063,-5.332062,7.580398,1.390594,5.996571,-9.169884,-2.815125,3.351169,5.736787,1.915694,-0.812426,-6.662699,7.059731,1.816012,-17.844102,-2.388695,-2.133463,7.313799,1.085986,-0.711632,-1.647067,
212,1.724824,-1.356383,-8.762909,4.958030,-8.498481,1.220716,10.847014,-2.318205,-22.426247,-3.424536,2.942106,7.944957,8.424886,-16.932971,-1.125867,13.840927,-8.175565,-19.472851,0.656335,0.101080,-3.648504,-0.511218,0.348878,1.685944,
213,2.823516,-2.406790,-8.995239,6.304334,-7.153590,-1.877838,-0.388931,11.359336,-14.833860,-1.562194,1.122632,5.127113,-1.854058,1.267909,-0.282654,6.632249,2.304489,-18.933616,0.855619,-0.460246,-1.247644,-0.728830,0.118459,1.946864,
214,0.633104,-0.648601,-3.975501,5.847721,-6.996185,1.758735,1.498061,3.947796,-6.349711,-1.913141,-2.107872,10.857770,3.599384,-15.277528,7.178378,10.198539,-4.950194,-16.638153,0.554646,0.325283,-2.956056,0.569922,-0.364863,-1.509109,
215,2.974503,-1.163717,-11.977492,7.661242,-8.519506,-4.148309,3.620705,-1.964871,-7.606168,-5.106889,3.051261,10.373544,-2.905401,4.997018,-2.366376,6.060365,-1.601786,-12.506010,-0.736358,0.061192,4.180436,-1.415349,1.172998,2.549344,
216,-0.689837,1.909886,-3.656640,4.451441,-6.836053,4.220907,2.174710,0.019448,-2.619104,0.557763,-0.611143,3.853538,-2.633310,-1.417006,3.419700,14.253178,-7.676899,-22.668568,-0.994186,-0.099837,5.733124,0.213308,-0.161333,-1.305702,
217,-0.499366,0.224980,1.072663,3.886328,-8.377386,10.620669,6.658050,-6.526932,-1.085546,-4.013018,1.904022,10.498420,4.965183,-11.518761,1.108076,15.268828,-7.893250,-22.664283,-1.569783,0.053556,8.639682,0.406146,0.482011,-4.030715,
218,-0.208194,-1.807999,0.690832,5.519396,-5.944309,2.353049,-0.569257,17.441656,-14.227749,-3.754478,4.822974,5.542810,-10.610711,16.793499,1.756208,2.037550,7.693606,-13.178833,1.453901,-1.743202,1.978060,-0.456573,0.187320,-1.059233,
219,0.435645,0.740953,-4.945174,5.312193,-6.813068,2.390048,3.508593,-3.821275,-1.394917,-1.937924,5.321124,1.846310,-1.909496,-3.355409,4.967485,12.424349,-2.895503,-23.399243,-0.596185,0.550571,3.513384,-0.156976,0.348966,-0.952587,
220,1.916260,-0.343863,-16.280720,5.940686,-6.091176,-9.284572,3.628845,-3.049882,-11.449068,-8.659591,9.744619,11.155577,1.337254,-7.286544,2.071478,3.995881,6.890010,-16.783819,-1.300039,2.297691,-5.487904,-0.102804,0.004285,4.096055,
221,-0.614007,-0.227244,-1.927032,6.626805,-11.055104,4.149342,-0.796840,3.560208,-0.444632,-3.616040,0.005211,11.382343,1.613444,-5.960672,0.016293,10.109175,-2.985884,-18.752509,-1.384622,0.789046,2.321608,1.027708,-0.200488,-2.640066,
222,1.025186,0.049182,-5.567605,6.686820,-7.748889,0.332037,12.857609,-5.482034,-18.361619,-3.087122,5.467821,4.151204,0.304270,-2.255360,-2.251846,10.120900,0.097796,-23.220118,0.140457,1.050538,0.851646,-0.879106,0.263525,0.731062,
223,1.275864,-3.966410,1.691488,4.102023,-3.320460,3.734096,-4.154175,8.486103,2.216715,-2.783108,0.693681,8.110325,-1.260483,-1.042321,2.439350,8.380065,-4.824016,-13.199798,0.168512,2.953312,-4.915075,1.675170,-1.312283,-4.056750,
224,-0.644287,-0.056908,-2.025040,5.803843,-4.257840,-1.941145,7.625297,2.148698,-17.119373,-3.246550,2.969037,7.498257,-5.937439,-6.066472,17.927748,0.331033,3.946372,-5.905781,1.752821,-1.644468,-0.295250,-0.803715,0.232113,0.604324,
225,-1.483947,2.437206,-3.023311,7.698808,-10.980962,2.417040,-1.308078,5.505315,-2.326633,-3.614059,0.199248,11.504089,-3.226671,-6.612883,12.424457,9.408131,-6.672300,-12.155179,-0.695813,-0.157529,3.731900,0.452271,-0.242117,-1.541698,
226,-1.373341,2.773093,-5.562611,1.966508,-3.204588,2.211409,11.510192,-8.915492,-15.516773,-3.676412,1.919608,8.248403,-9.635527,1.464266,16.448377,8.147037,-8.213964,-9.481184,1.255350,-0.061319,-6.486873,0.741739,-1.042338,0.114395,
227,-0.879618,2.992055,-6.387634,5.147918,-9.291444,4.473661,6.628798,-2.222661,-11.885799,-1.241884,1.610496,4.412034,0.433754,-0.573920,-2.140873,14.981048,-5.705935,-25.449271,-0.606119,0.235060,1.380017,0.108426,0.074460,-0.429631,
228,-1.382408,2.735390,0.937379,6.668178,-11.680673,9.597326,3.389961,-2.721603,2.095492,-4.506622,3.042322,9.822272,0.899784,0.152554,-4.349005,10.259911,-7.976683,-13.574088,-0.779777,2.025245,2.746581,0.928230,-0.547469,-4.305576,
229,0.199972,2.012283,-6.252514,5.723184,-8.232455,2.362417,-1.339965,-6.687396,11.808824,-7.099989,8.323597,10.254268,-4.469020,1.964349,4.753153,6.351483,2.186274,-15.530164,-1.083756,0.592409,1.651441,0.869869,-0.137805,-2.264125,
230,1.822548,-1.877680,-7.976844,3.067322,-3.064523,-0.372848,5.199358,-2.761161,-9.107684,-3.233468,5.716267,4.068574,7.072479,-8.180973,-7.235430,7.957306,-0.811835,-16.068331,1.852713,0.285961,-10.775354,0.809589,-0.783645,0.058083,
231,-0.587790,1.656236,-7.981206,7.415703,-11.466454,-0.634844,7.659942,0.329588,-19.539423,0.324727,0.963586,2.529168,-0.545388,-5.611278,6.871283,13.800204,-8.771586,-18.617307,-0.277132,-1.735545,3.442593,-0.830170,0.678879,2.069523,
232,4.159216,-5.972379,-9.333076,6.017795,-7.929350,-2.172569,-2.456132,6.215673,-5.832650,-4.517755,5.682794,6.797159,-3.083727,-1.488835,7.206902,7.082214,-5.464566,-8.432171,-0.606497,0.573860,-1.999331,0.011334,0.406025,0.995112,
233,-1.894294,1.540530,1.458711,4.023197,-6.575038,7.805920,4.843529,-5.186607,0.467301,-4.369538,8.478031,2.511740,-8.022630,4.073022,10.307894,7.594130,-0.991801,-15.877637,-0.631009,0.120422,2.388187,1.262495,-0.313734,-4.409252,
234,-1.586293,0.741901,-2.112816,4.002712,-7.561323,4.637901,3.760014,-0.444432,-7.370713,-6.595166,7.917512,8.851693,6.647503,-9.797289,-3.619886,4.916397,-4.027790,-5.369848,-1.880920,1.490395,2.137221,1.040145,-0.315696,-1.959515,
235,0.633619,0.180042,-7.961326,5.662135,-8.404825,0.185358,2.498299,-1.567770,-7.458607,-0.579954,-2.651492,8.102747,0.545296,-2.986282,-1.931842,14.877911,-9.880495,-22.692886,-1.024316,0.753026,-1.319815,0.474736,0.311850,-0.289823,
236,-3.000818,0.291054,2.849444,4.770797,-11.187510,8.680655,-2.157158,7.091584,-0.439064,-5.298161,12.569131,1.243757,6.494099,-7.142368,-6.990788,6.945387,10.043904,-24.798129,-3.143649,2.183252,4.753645,2.027670,-0.555822,-4.569678,
237,-0.376157,-1.604807,2.620602,0.745239,-3.557610,11.922314,4.126985,4.686012,-9.731813,-2.643791,5.445834,2.456679,0.263574,-5.232727,2.151951,7.564543,5.156490,-23.565246,-1.806227,-0.136848,10.309445,0.549457,-0.001326,-3.739515,
238,-0.050147,1.537748,-6.346558,5.810022,-10.004403,3.217727,2.258043,4.813400,-10.873119,0.568095,-0.928691,4.492666,-5.440169,11.800579,-7.219251,8.268376,0.978340,-19.050091,0.362075,1.605623,-4.758079,0.516052,-0.603484,-0.338064,
239,0.929979,-0.904856,-6.902505,4.284668,-7.606672,2.661290,6.027314,1.044792,-14.295117,-2.652624,1.827408,7.855602,-1.206638,-0.795309,0.992747,9.146219,0.886707,-19.753701,-1.209651,1.203889,1.141089,0.181834,-0.154803,0.275414,
240,-1.124329,1.691686,-3.889019,4.572791,-9.227740,5.396354,3.568369,3.390356,-11.115665,-4.034158,3.369220,8.200838,-3.972209,-3.765529,10.095922,8.787721,-1.622232,-17.287748,-0.347903,-0.294091,1.676771,0.333403,-0.093617,-0.862058,
241,3.046690,-3.645027,-4.004391,1.971613,-3.961665,6.897699,0.956937,3.842227,-3.275190,-4.572266,5.263354,8.170437,1.495477,-0.334515,-4.822954,9.457199,1.636482,-21.296896,-1.725128,0.138048,9.381270,-0.314843,0.823023,-1.863661,
242,-1.204276,1.003893,-2.031310,5.302903,-10.831618,6.816007,2.595767,0.597766,-5.198224,-5.139779,7.316666,5.197235,3.164173,-4.145750,-4.132029,9.311366,-0.794252,-20.074590,-1.285605,0.731993,2.383805,0.894065,-0.184058,-2.378422,
243,-3.345055,3.724163,-1.400667,8.348269,-11.123192,0.462652,2.073420,5.774060,-8.725889,-1.275970,-3.580970,10.779092,-9.997869,7.996799,9.364328,7.531691,-2.188881,-14.091080,0.279341,-0.043253,-1.494353,0.883680,-1.033746,-1.220690,
244,0.231477,1.776567,-4.714555,6.527560,-9.569312,4.059526,2.711149,-3.126671,-0.239132,-7.491365,10.307105,8.070261,1.495231,0.307700,-6.142801,12.020319,-5.101360,-19.896049,-0.370491,-0.330363,2.940437,0.318238,-0.055049,-1.902776,
245,3.534231,-7.417932,-2.254951,0.451584,-4.890720,8.951641,0.537571,15.572299,-18.492401,-3.095776,7.220597,0.686174,3.519702,-5.958008,-2.482469,9.808858,1.896895,-24.532501,-0.539371,-0.423279,3.348314,0.185697,0.113012,-1.071539,
246,2.765839,-0.471103,-15.555223,10.532410,-9.643963,-12.164609,6.176753,-1.426256,-16.921571,-5.299316,5.895385,8.284117,6.402877,-15.473903,-0.004840,10.004361,2.743589,-25.076869,-0.225922,0.062468,1.626329,-2.379278,1.737876,5.542905,
247,-3.664534,2.290768,7.171719,4.742637,-9.769064,12.550037,1.414651,4.686313,-1.074078,-7.190780,5.877075,12.431566,1.723268,-12.870775,9.754987,6.015578,-5.075768,-6.478919,0.206304,4.147427,-7.535625,3.058637,-2.344448,-7.017043,
248,-1.038906,2.025515,-2.058969,0.720335,-2.251838,7.595661,8.853202,-9.051077,-6.733226,-5.618367,5.844905,8.462196,0.205342,-1.041315,-2.156793,9.694319,-3.999524,-17.125527,-1.545421,-0.169902,9.043710,-0.144227,0.348014,-1.520539,
249,0.172784,-0.245056,-2.387804,0.999090,-2.965510,7.461161,0.074156,2.404120,-0.738601,-6.195860,10.558383,3.611212,7.933296,-15.629572,-2.137708,9.831195,-0.521563,-21.381107,-0.542103,-0.109590,2.066769,1.109767,-0.606213,-2.834614,
250,0.960857,0.933201,-10.899449,8.047017,-10.407317,-3.399467,8.517132,-1.793128,-18.963001,-5.101057,7.430615,6.075695,-4.502394,10.278631,-5.747892,4.468624,1.508614,-11.588081,2.297815,-1.278187,-7.004866,-0.703922,0.244387,2.608547,
251,3.002504,-3.493929,-5.996614,4.114758,-12.295921,9.663156,2.886451,3.863484,-8.525538,-7.481890,8.195823,10.063447,0.551400,-3.604479,1.634353,9.175845,-4.834662,-13.316029,-0.377832,0.198231,-0.743997,0.675693,0.200119,-2.034279,
252,-1.137608,3.260254,-7.564023,4.966518,-1.138996,-6.083516,1.790384,-9.194177,5.452876,0.578083,-3.429842,7.379288,0.785298,-4.032634,0.484098,9.634435,-3.439854,-17.747530,1.142934,-0.249610,-7.604840,1.114746,-1.262148,-0.200346,
253,6.114433,-1.724149,-12.183884,6.569386,-6.435394,0.685567,4.688378,6.486981,-15.045857,-0.715246,2.381834,2.333442,0.130701,-6.009814,4.104403,9.879180,-5.103632,-16.637665,-0.733544,3.480175,4.177313,-1.932534,0.220607,2.168234,
254,-0.771336,4.748393,-10.350430,6.279339,-4.965342,-5.277963,5.208906,-14.215770,3.716366,-2.318872,0.020955,7.834502,-8.866110,5.633316,9.886690,12.558033,-13.129145,-12.929020,-0.459258,-0.113708,2.526813,-0.580407,0.150504,1.792807,
255,0.384782,-1.424603,-2.690693,7.308318,-8.446498,0.310470,2.923349,-0.349421,-4.680253,-8.401240,7.838125,11.937288,-3.973748,3.160924,2.067079,2.194539,6.148713,-12.743241,-0.473778,0.062740,2.444702,-0.107227,0.657000,-1.279927,
256,-2.393877,3.920987,-1.954277,9.504222,-6.541067,-4.794560,3.243643,-3.428025,0.167536,-3.927875,1.539395,9.295625,3.312322,-8.698224,-1.397877,5.043200,1.915521,-15.373323,1.561847,-1.564514,2.882040,-1.059771,0.174343,0.355666,
257,0.800118,-1.763516,-7.208677,4.683826,-6.559046,-0.787595,6.100560,-9.673511,-3.815771,-1.673155,-0.895902,9.450960,-9.674394,15.543641,-1.050190,4.546237,-5.118847,-3.748937,-1.730562,0.372525,3.533899,0.127628,0.864949,-0.069074,
258,0.163573,0.460646,-3.316683,3.220821,-2.560787,2.864234,11.332576,-9.017796,-10.895198,-2.280425,1.509979,6.646825,4.246687,-17.564716,9.330089,5.090634,-0.005193,-11.270167,-0.461131,0.861620,7.735432,-1.756629,1.967373,0.017794,
259,-1.447715,1.707423,-0.891635,2.706894,-5.937900,7.733773,7.690851,-5.379432,-6.481492,-2.734260,2.045479,7.194916,-2.517202,-11.737527,16.244635,12.085195,-4.180232,-22.036537,-1.181375,-0.184197,6.870971,0.274654,0.024584,-2.121503,
260,-3.336386,4.010905,-2.064040,5.949867,-6.345623,-0.280788,13.852248,-11.121973,-15.703759,-9.124026,12.172609,9.833416,1.421815,-8.021619,4.651957,6.767436,0.441989,-15.279643,-1.455834,-0.352241,8.372593,-0.586383,0.601970,0.042376,
261,-1.596910,0.892594,2.260125,6.022821,-10.194328,8.034138,6.398644,1.286656,-9.680753,-4.033761,6.318390,5.169521,7.172053,-14.802658,-0.118594,12.872242,-4.759755,-21.477555,-0.630583,2.535445,0.153401,1.156983,-0.796388,-3.869458,
262,0.855390,5.264669,-13.013809,10.055708,-8.789706,-7.718022,12.416126,-6.072547,-20.495660,-0.980164,-1.451557,6.919300,6.850631,-16.570037,3.514419,14.123960,-20.575126,-6.747567,3.432502,-1.060728,-8.012460,-1.624671,-0.439833,4.196834,
263,-1.766270,-1.185330,2.146273,2.957089,-8.004985,8.517754,5.323354,4.936859,-15.026134,-0.262806,-2.739957,8.104931,3.985419,-10.922215,1.354690,12.749634,-8.253481,-17.809462,-1.847800,1.390276,3.674422,1.049702,-0.366543,-2.669310,
264,0.134300,1.802951,-8.852481,5.911262,-9.495932,0.756643,5.687228,-4.639872,-7.128815,-2.632274,7.803760,-0.044545,2.258105,-3.166883,-3.457805,5.883992,0.326725,-13.713838,-1.668588,1.176922,2.524202,0.032037,0.000139,0.631892,
265,1.245657,-2.119610,-2.294373,4.976332,-12.034604,9.906284,-1.821282,16.081756,-10.939380,-2.224987,3.187850,3.759198,3.377158,-15.594006,8.645054,10.757420,-1.761146,-22.515824,-1.663873,0.101433,9.006907,-0.240083,0.652750,-1.798460,
266,-2.923736,1.784037,0.403397,2.702971,-8.876315,9.367949,6.142163,-5.534997,-5.329697,-5.794939,6.182192,9.233239,-12.470431,7.947799,16.463157,9.876353,-0.010175,-20.698477,-2.347489,1.622175,2.881317,1.568079,-0.389244,-3.356939,
267,-0.224329,2.454025,-6.424734,7.439451,-9.210497,0.413797,2.959710,2.460281,-7.891746,-7.210029,5.822474,12.042489,-3.878059,6.761193,-2.635601,5.992155,0.408050,-12.752692,1.039831,-0.944662,0.399800,-0.533452,0.113822,0.375792,
268,1.770524,-2.829128,-3.659735,6.658785,-7.122054,-0.458416,1.768046,6.744069,-9.564012,-3.451956,0.489257,11.503936,-3.715706,-4.398465,10.934126,5.411741,1.138231,-12.362153,0.192824,0.219885,-0.442966,0.112571,0.107723,-1.098494,
269,-1.454075,3.246716,-5.845589,4.982243,-9.876621,4.112632,9.188134,-1.077696,-18.586174,-3.953040,2.427668,9.979109,-10.520732,9.749889,9.887358,5.857190,3.817155,-16.507319,-0.396749,0.123322,1.882950,-0.310411,0.382023,0.356359,
270,0.628352,0.712676,-9.400419,6.131086,-10.714912,0.675179,1.370893,8.833965,-15.474481,-1.810359,0.344654,7.707162,2.554021,-4.827823,-1.690705,7.403222,0.744729,-16.729822,1.960368,-0.199760,-10.844332,0.724419,-1.137027,1.144095,
271,2.454666,-5.026592,-2.707889,-1.803947,0.112319,8.076113,-4.899524,6.902760,2.367726,-2.374679,-1.056376,10.091914,4.605854,-7.949446,-1.402191,6.649357,-3.524468,-11.004723,-0.391393,-1.141708,0.908333,1.471795,-0.341326,-3.172492,
272,0.204160,-0.090141,-5.093653,-1.247851,-1.313962,8.016194,2.320662,-0.149975,-3.342537,-2.430744,2.957563,5.959939,4.033932,-8.202471,0.168614,9.102986,-2.886412,-15.218715,-1.831708,1.390279,1.953312,1.070219,-0.299068,-2.049281,
273,0.459885,0.007837,-10.285077,8.375054,-11.531115,-4.520237,5.251423,1.401802,-14.923249,-3.390019,6.196968,3.884790,-8.398204,12.973207,-1.053536,6.442352,9.330493,-23.782944,-0.242112,0.278429,-1.288260,-0.603114,0.512152,2.627809,
274,-0.491850,-3.436466,-3.089407,2.325529,-8.646629,6.033471,-3.756058,9.614151,-8.554724,-7.987852,12.618638,5.475568,-6.843100,4.609403,6.980884,6.819214,-0.410477,-15.196792,-3.520444,1.597481,5.050887,1.250438,0.636838,-1.669001,
275,1.308086,0.358134,-14.203944,9.256814,-13.319173,-6.203929,3.428071,-0.283368,-13.281470,-2.641423,4.543498,4.382951,-7.100008,6.683781,5.235829,5.919519,0.219016,-12.323574,-0.548000,0.357276,-1.551061,-0.907506,0.983100,3.755330,
276,0.028002,0.653453,-8.242293,7.141718,-8.686199,-3.787287,0.987267,11.616190,-19.394713,-4.215704,4.587038,6.932461,-5.412681,1.667319,5.014246,3.809690,-1.151285,-8.145308,0.937894,-0.070438,-5.844780,0.459017,-1.203467,1.827708,
277,3.386887,-0.424108,-10.084541,7.873792,-5.870473,-4.448990,1.692657,1.391742,-4.205717,-7.651197,9.112703,10.528640,1.456705,-3.333983,-2.584734,13.180879,-12.315980,-13.397025,2.892069,-2.634048,-1.601062,-1.499333,0.460481,1.852732,
278,0.792237,2.011707,-11.021452,8.696276,-9.110911,-5.222540,1.127083,-0.808325,-3.347391,-0.666207,-1.839439,8.148447,-5.588739,3.055596,6.758923,9.788066,-1.480129,-19.021829,-0.143443,-1.677068,3.766812,-1.063166,0.891883,2.017219,
279,-1.640590,1.653509,1.919469,0.042649,-3.522228,12.871456,-2.857134,9.292714,0.329547,-2.760780,1.274672,9.197517,-2.172955,-2.347859,6.709547,3.920627,3.112627,-11.431535,0.440213,0.014855,-3.683203,2.877925,-2.555567,-5.516085,
280,-0.343279,-0.346799,-1.889818,1.022198,-4.639257,8.804777,2.559903,8.111024,-13.005350,-0.811830,2.586447,2.257305,-1.309519,-6.884672,9.145785,7.161111,8.117721,-24.286453,-0.540109,-0.106232,2.786048,0.646849,-0.505535,-1.743711,
281,1.275142,-1.142200,-4.471242,3.676966,-4.860809,3.640204,4.557987,-6.061540,-0.475772,-5.532294,10.304490,3.907694,-2.752805,1.429720,0.334691,12.477757,0.579511,-27.589330,0.446521,0.466338,-2.250617,0.468603,-0.297389,-1.528945,
282,-0.125507,-0.960179,1.219322,6.326344,-8.381016,5.941243,-1.687862,7.519504,-1.538095,-9.124984,11.444682,9.344224,-4.197696,2.291284,3.615920,3.446383,4.755218,-14.315496,-1.229153,1.525569,4.751214,0.757770,-0.291924,-3.625763,
283,2.685868,-3.658548,-3.352701,4.056250,1.284493,-3.176691,1.283716,-1.280965,0.737857,-6.923197,4.357817,11.957209,2.893841,-13.428094,7.754502,6.413688,-3.946595,-10.729935,0.223625,0.704247,0.201232,-0.123283,0.001453,-1.107615,
284,1.747640,-1.501404,-9.613795,7.502329,-11.406048,-1.254810,3.721354,9.165772,-21.286806,-6.635797,8.907826,8.009144,-4.975729,4.646236,1.913544,9.152325,3.945732,-24.278522,1.474953,0.524658,-8.966671,0.133049,-0.469220,1.642081,
285,1.136630,-1.869402,-6.130168,2.316107,-4.222207,2.761944,3.745397,2.155870,-11.437407,-3.629931,7.641253,2.259299,1.429984,-2.554160,-2.559695,10.799953,-2.259574,-21.125877,-0.328004,-0.460079,1.151195,0.129322,0.020028,0.186717,
286,-0.177402,2.077842,-9.389582,6.013993,-6.665800,-2.647247,4.392642,-0.904522,-9.953558,-2.023285,2.069399,5.682339,-4.589868,2.219721,4.252204,7.135698,1.655193,-17.965260,0.484426,0.438303,-3.929263,-0.186809,-0.130563,1.583824,
287,1.291942,0.898889,-10.792883,5.491073,-6.842089,-1.843067,2.274046,-2.880394,-3.656038,-5.903520,5.629577,9.766664,-2.959283,-0.617469,4.557153,10.239292,1.164857,-24.030061,-1.027159,1.678195,-0.758335,0.020756,-0.285427,1.349134,
288,3.449976,-2.067566,-8.876214,10.420774,-12.983587,-2.015508,5.318111,-2.738766,-7.944925,-4.713022,10.029478,1.996829,-4.760296,6.197805,3.170138,8.715528,3.587792,-22.094902,0.654615,0.948818,2.402592,-1.912407,1.963512,1.304679,
289,-2.580654,2.905630,-5.300443,4.259495,-8.115357,3.042032,-0.910902,-9.574675,14.479972,-4.993247,5.661484,8.639401,2.254136,-5.233706,-1.035519,7.817057,-0.483786,-14.649982,0.697791,-3.140177,-3.235547,1.986585,-0.281611,-3.149120,
290,2.368043,-0.966792,-5.192013,2.496050,1.619218,0.550433,4.215104,-10.037072,5.682988,0.999533,-0.987553,2.600413,5.055721,-8.374470,-4.587784,12.015668,-6.723676,-19.076092,-0.032064,0.702802,1.677713,-0.107477,0.256895,-1.774566,
291,3.842023,-2.534923,-14.886476,4.008124,-5.992029,-2.857639,9.145876,-4.964692,-18.642464,-1.183612,0.558776,4.954243,0.369404,-1.824672,0.579165,10.854211,-6.585909,-16.708646,-1.296017,0.421780,1.772508,-1.337084,1.088531,4.000162,
292,0.291591,2.980695,-12.553788,7.503701,-11.374653,-2.783723,8.643977,-3.656898,-18.619975,-8.320388,5.827083,13.668949,-11.895473,6.644874,16.655103,2.042960,-1.346174,-3.627462,1.836048,0.845751,-11.556325,0.055298,-0.582345,2.664644,
293,0.780145,-0.975066,-6.939645,3.341350,-8.056940,4.522415,10.289236,3.049619,-26.897649,-7.208855,7.907196,10.375627,-9.329683,5.281419,12.652258,8.503627,0.420732,-18.146617,0.951982,0.827083,-6.498874,0.170447,-0.416476,0.982699,
294,-0.349087,-1.939958,-3.070262,2.023531,-3.189314,2.423964,7.390222,-1.724977,-15.209465,-1.076937,1.509682,4.209578,-3.337167,4.561232,-0.750069,9.850627,0.396767,-21.865151,-1.782686,1.751754,0.459395,0.820950,-0.338386,-0.684974,
295,-0.744969,-1.171920,2.598412,2.313914,-7.894214,12.222748,4.907792,4.569129,-11.654782,-1.771415,4.175841,1.708133,-3.665739,-5.157264,10.118381,5.757489,2.545960,-15.999357,-1.401103,-0.589182,9.200201,0.315920,0.244076,-3.190083,
296,-0.617470,0.610493,-6.518827,5.205037,-6.309746,-1.246164,4.388608,4.653178,-17.077000,-5.776610,6.008972,8.909750,-10.836754,4.696074,14.862465,4.360213,1.894081,-12.365544,-0.256608,-0.439679,1.154535,-0.334884,0.204661,1.370481,
297,0.366044,-0.727594,0.040522,3.035017,-4.872196,7.800482,-1.482399,8.698307,-2.101869,-2.742403,2.743762,7.218570,-3.162582,-6.723798,12.564895,8.763262,-3.113605,-14.795403,0.511916,-0.494451,1.387826,0.996508,-0.859165,-3.506593,
298,-0.293004,1.743334,-3.735307,4.167621,-7.690576,6.232974,6.932223,-4.962752,-7.113364,-3.912056,4.535880,7.845786,-4.101666,1.291923,4.047377,10.712238,-9.174311,-13.449056,-0.144234,1.296442,-0.831839,0.584873,-0.444187,-1.799963,
299,-0.641475,4.992965,-9.269019,9.536838,-12.625731,-1.248866,5.614001,-5.477473,-2.095007,-2.664128,6.254726,3.113648,-12.093484,9.698903,11.454908,3.989911,8.505690,-18.802949,1.284856,-0.106487,-4.640122,0.575769,-0.754700,-0.549998,
300,-0.778274,3.372803,-12.325093,2.947996,-3.184257,-3.236070,9.705161,-9.696199,-13.697810,-0.059440,-3.590831,7.683750,2.204031,-1.098675,-6.542005,14.083541,-9.141921,-20.713197,-1.805230,1.579960,0.133582,-0.396130,0.240391,2.955114,
301,0.753056,1.399006,-8.021215,2.901860,-4.443395,3.025176,0.141918,-7.364208,7.878288,-4.298492,8.577755,1.867106,-7.011488,0.829455,10.517059,5.183775,-1.056483,-10.879047,-1.299521,0.988920,1.929340,0.656136,-0.117886,-1.237375,
302,1.537550,-2.026767,-5.066650,3.981405,-7.747041,4.716874,10.138347,-3.522992,-17.141054,-2.462701,-0.044704,9.006205,2.680966,-0.313635,-8.236292,10.381900,-4.431428,-18.733355,0.431632,-0.312518,0.391430,-0.407608,0.585087,-0.028471,
303,3.264491,-5.921447,-2.463122,-0.425009,6.220183,-0.218707,10.854174,-12.100982,-4.910368,-1.400200,-1.491916,9.160042,-2.185505,-0.568274,2.246767,7.170191,-9.049624,-5.043905,1.083035,0.038935,-3.173706,0.616074,-1.283266,-1.044186,
304,4.554571,-4.356802,-11.822676,3.409757,-5.177217,-0.095210,7.332908,-2.349874,-15.755314,-5.798863,6.003243,9.469183,2.461668,-17.284083,11.266439,5.426220,-2.367607,-9.516388,-0.781462,-0.043336,3.894465,-1.619799,1.976355,2.372383,
305,0.226188,-0.111248,-5.166798,3.989787,-4.557230,1.212804,6.186967,-6.916745,-5.595950,-8.037990,12.905980,5.754333,-4.196117,6.254528,-1.772691,5.775351,5.368655,-19.041089,-0.532751,0.291392,0.253024,0.338069,0.125791,-0.873517,
306,-0.455244,2.302089,-3.845629,3.723342,-7.140542,6.649940,9.897086,-7.952975,-8.447191,-8.534664,15.272198,3.498362,-3.100576,-1.298180,6.874567,5.182111,-1.581031,-9.659661,-1.810658,0.165909,9.760782,-0.421657,0.796158,-1.480929,
307,-1.455400,6.014341,-13.413887,4.494679,-5.193348,-4.674334,11.639464,-3.381857,-23.871080,-0.601536,-0.087723,5.935057,2.851895,1.530437,-10.090230,9.443414,-5.963954,-12.282368,-1.662312,2.933209,0.047951,-0.971504,-0.294605,4.559254,
308,2.107525,-0.806133,-8.979683,4.458552,-7.149021,1.606208,0.344648,4.144041,-6.858197,-2.752256,4.179142,4.617845,0.737917,1.774329,-6.079680,9.954802,-1.801101,-19.182258,1.613541,2.237520,-12.120891,0.992389,-1.209096,-0.046688,
309,1.529761,4.100603,-5.610575,5.341783,-2.176923,2.350910,6.263853,1.135732,-7.333675,-5.607739,3.093940,11.880264,2.188416,-12.827939,7.105022,8.002969,-2.751603,-14.137651,3.783496,-0.889606,-6.216217,-0.111779,-2.136923,-0.839469,
310,0.223945,-1.826690,-1.127311,4.615605,-6.689932,4.178823,-0.371601,10.359207,-9.286039,-2.592955,0.998394,8.073231,-5.297206,4.508711,3.684219,9.083711,-0.725124,-18.624135,-1.344883,-0.277304,7.802988,-0.077973,0.308120,-1.352393,
311,2.664613,-0.905815,-10.171384,4.815936,-5.822946,-0.580205,2.543796,-1.349092,-5.214358,-0.749456,1.630165,3.395032,-2.336767,-1.316475,4.703409,10.850494,-7.268449,-15.773603,0.646469,1.153144,-4.239035,-0.024092,-0.197516,0.812206,
312,0.504852,-3.022499,2.082772,0.186977,-5.370804,13.643806,-4.244125,13.849404,-2.966107,-3.248677,0.568862,9.174579,0.433772,-6.129942,2.640931,4.993005,-0.997892,-11.292808,0.537949,-0.057632,-3.691249,2.350750,-1.786130,-4.884970,
313,0.167961,0.164766,-5.000105,5.548206,-8.910826,3.057145,1.638257,5.884043,-9.418443,-4.658647,8.173819,4.515720,0.508512,-1.427678,-1.731623,10.469675,-0.597403,-22.325324,-0.448207,0.959835,0.127245,0.251859,-0.238819,-0.533889,
314,1.729874,0.252047,0.358135,3.116196,-3.454405,10.064790,7.064265,-2.283037,-3.087959,-8.955914,10.959712,10.391239,0.621239,0.528013,-3.029565,3.234353,1.922348,-9.242864,2.567428,-1.949425,0.514984,0.090771,-0.873937,-3.666458,
315,-1.116959,0.083150,-1.438827,3.983504,-5.867636,3.277106,2.461702,3.025072,-7.251722,-2.081892,3.307826,4.735313,3.267987,-4.871803,-3.312394,7.780722,-0.288099,-16.177129,-0.346400,-0.125186,0.834831,0.957809,-0.756917,-1.698029,
316,-1.876177,1.569480,0.565340,3.437436,-6.818384,8.056783,0.823051,4.584795,-3.380830,1.589989,-0.968373,1.809339,-0.561432,-5.873969,3.885218,12.856293,-7.540455,-19.342127,-0.364950,-0.033904,1.657074,1.466756,-1.178919,-3.404042,
317,-5.206162,3.245867,5.482165,2.655261,-9.354370,12.140925,6.609132,9.725913,-20.387744,-0.794702,5.421123,-1.255695,-1.300684,2.023791,-1.077717,13.445776,-9.211662,-18.700918,-2.383924,1.677579,6.368616,1.057749,-0.636035,-3.154639,
318,1.209112,-2.002118,-1.973085,0.939035,-3.020190,7.863923,3.353409,4.808831,-9.748148,-6.682418,7.957585,8.684260,-6.820732,13.894579,-3.350294,6.142187,2.569490,-17.368515,0.535177,2.258298,-5.864767,1.258895,-1.098464,-2.667347,
319,-2.678279,0.433200,5.536208,1.456710,-1.188042,8.421076,8.216355,-7.625561,-3.735831,-3.995292,4.758329,6.302810,3.546634,-9.396150,0.466765,10.436085,-2.914277,-19.191777,-1.066343,-0.100746,4.887386,1.750888,-0.766181,-5.442782,
320,1.660399,-1.908937,-6.763414,5.466665,-9.162914,2.678798,4.473626,7.414098,-18.421560,-1.263665,0.088435,6.336764,4.167506,-12.645614,4.789911,11.825957,-7.015768,-16.655372,-0.564873,0.046452,3.592391,-0.766012,0.799394,0.901478,
321,-0.552870,2.313299,-6.665518,5.315834,-8.130486,1.753612,9.575197,-9.636850,-9.348052,-0.100653,-1.347379,5.826734,2.189633,-4.484926,-2.064286,14.052726,-12.822553,-14.946535,-0.448578,0.261822,0.406095,0.062711,0.191027,-0.185876,
322,0.406406,-0.840101,-4.430205,1.463655,-4.235363,5.885032,9.272594,-1.253313,-17.690870,-3.659382,6.945180,3.814509,3.488889,-5.830737,-3.473753,9.245089,1.611514,-22.107343,-0.725223,-1.557355,6.195087,-0.530872,0.626480,0.124178,
323,-2.537167,0.576391,-0.651757,0.850839,-4.930025,7.414802,5.701553,-0.509813,-12.669602,-2.060508,-1.965540,11.573384,-0.904866,-6.667628,8.032288,13.564947,-8.294407,-19.222043,-2.918369,2.423225,2.558766,1.534997,-0.420846,-2.413644,
324,-0.661593,0.399730,-3.857654,3.307479,-4.386193,2.069238,6.255069,-0.973606,-11.194509,-0.637837,0.890818,3.985158,-4.121934,3.835543,0.843111,12.373068,-6.764055,-19.180027,-1.555173,-1.037014,9.579691,-0.745030,0.856075,0.295451,
325,1.101820,-1.243229,-4.510622,3.255346,-5.614865,5.035334,0.567596,7.182129,-9.534695,-3.541644,3.854841,7.230529,0.615036,6.625380,-11.913301,5.036222,-0.082259,-11.869723,-1.042984,-0.556616,6.502604,-0.226008,0.405574,-0.676683,
326,3.815655,-2.085874,-8.886784,6.253641,-7.113335,0.457509,8.019985,-7.875102,-6.366054,-8.193576,8.037223,11.827125,4.717122,-5.068599,-5.998651,3.444602,-3.003535,-4.832459,-0.305768,0.843620,7.244975,-2.174287,2.246192,1.097946,
327,-1.499663,1.310087,-4.949823,10.066138,-11.184464,-5.177840,-2.862835,7.424958,-3.743970,-2.443085,1.336012,6.810011,-3.192958,-0.222484,6.117928,3.176518,5.588528,-13.662605,-2.157996,1.303419,3.804365,0.100388,0.078023,0.343129,
328,-2.171462,0.076536,4.891971,4.019323,-10.034234,12.679927,1.040905,1.719137,0.642566,-8.344016,10.877714,8.749275,1.357823,-4.051398,0.165990,8.780150,-0.093092,-19.030556,-1.599127,-0.605855,8.307450,1.393825,0.134160,-5.751342,
329,3.367200,-2.058018,-10.085381,4.488011,-3.915265,-1.859734,7.825195,-11.516727,-3.511263,-4.475503,4.563418,9.583198,2.597467,-11.615666,4.185373,8.871574,-4.878497,-13.056100,-0.308561,0.157587,3.564900,-1.266057,1.215836,1.502830,
330,-3.082003,2.137260,4.721464,1.421093,-8.706124,15.241449,6.215222,10.323738,-18.231472,-2.568498,3.737478,6.115148,-2.238078,-2.987019,9.176679,7.066553,-1.475188,-11.411148,0.692493,-0.430495,2.103829,0.726410,-0.230943,-3.963216,
331,-0.857058,-0.073653,2.960174,1.797616,-6.491812,13.346362,10.381907,-3.034802,-12.670954,0.474394,-3.773338,7.342653,-8.526233,14.218418,-0.434970,13.277259,-7.200174,-21.158488,-0.415810,2.392991,2.638404,0.724730,-0.105817,-4.256235,
332,3.900571,-3.291242,-11.121000,7.233550,-8.819238,-3.470108,4.204433,2.218791,-14.402605,-0.937412,-1.284550,7.703187,-1.621105,-8.195260,11.992871,9.601385,-6.947760,-11.995197,-1.099335,0.059258,6.541109,-1.948676,1.809977,2.970873,
333,-0.772487,1.512844,-7.510177,5.624196,-7.392486,-1.773576,12.961910,-5.712980,-22.761280,-4.897047,10.329407,1.926285,-2.817461,-3.178755,8.295013,4.960288,6.073673,-17.642305,1.400896,0.876235,-9.168356,0.180496,-0.556421,1.562812,
334,1.492292,-0.213221,-7.879593,6.630472,-10.188916,1.446496,6.709876,-0.299473,-14.045038,-1.130146,3.092885,3.327665,5.350882,-4.986820,-6.424892,11.753420,-4.804219,-19.089006,-1.617261,0.079097,9.374687,-1.532448,1.590699,1.298202,
335,3.600935,-0.508316,-13.376106,4.480969,-7.942039,1.584716,5.327263,-2.435862,-9.304045,-1.032657,-1.642913,8.123277,-3.281497,3.598036,0.658123,14.833399,-13.801933,-15.107819,-1.017456,0.083939,5.763515,-1.443420,1.271828,2.190291,
336,2.058679,-0.258232,-8.852841,10.070575,-9.847633,-4.695071,-5.474437,7.615085,3.296661,-7.023409,7.599497,9.663435,-3.371614,2.053215,0.476159,8.864138,-4.534408,-14.089693,0.660619,0.749881,-4.254231,0.347844,-0.409771,-0.410086,
337,1.016555,-2.867641,1.317644,-0.721580,-3.289912,13.988715,5.164149,1.021387,-7.037448,-1.582373,-1.969067,10.683974,1.556699,1.363983,-7.043276,10.239509,-7.914841,-12.103541,-1.211633,-0.960988,6.958088,1.438896,0.079665,-5.568908,
338,0.983223,1.560100,-7.703312,4.681782,-8.815317,5.394534,6.228443,-2.470909,-9.251568,-6.758876,10.783639,5.061011,3.360729,-10.749913,3.483978,7.285252,-0.011202,-15.564751,0.370657,0.270897,-1.973714,0.282495,-0.132242,-0.902273,
339,-4.024130,-2.191901,5.823526,4.632788,-4.719700,0.544062,-1.267199,3.873048,-0.304438,-4.536293,6.414725,6.509287,3.065644,-10.736734,4.379622,9.766502,2.673685,-24.029535,-3.282414,2.337622,2.979475,2.085736,-0.426434,-3.976657,
340,-0.557997,2.468689,-7.351713,6.153210,-10.812772,2.654965,7.664761,-6.303601,-9.565746,-6.727055,7.539898,8.658705,-5.313380,0.502680,8.870381,4.962403,1.765688,-13.598676,0.983005,0.258517,-6.009469,0.436550,-0.432504,-0.007251,
341,-5.201929,4.715618,3.637865,-0.893320,-4.069321,12.787048,-2.258623,11.411133,-6.371645,-4.176901,3.883843,7.617883,-9.227608,3.699880,14.638644,10.235936,-5.606760,-16.124705,0.623694,-0.265162,-9.099590,4.056560,-3.935055,-5.160411,
342,-0.034698,2.005469,-4.525767,-1.418448,-0.041563,9.377275,2.227187,-5.598965,5.040044,-1.575899,5.447868,1.023202,-6.249146,9.180352,0.589447,8.490913,0.884444,-19.148764,0.699807,-0.095074,-4.517629,1.909299,-1.522446,-3.548345,
343,-0.114596,1.965485,-3.553052,3.861651,-5.668445,5.221204,5.915578,-7.043679,-1.906788,-4.042031,6.350837,5.049932,-0.287725,-0.131029,-0.356518,11.933505,0.160943,-25.766423,-0.189898,1.172829,0.177554,0.536247,-0.376429,-2.200020,
344,0.069810,-3.144689,6.410095,2.405296,-5.868508,13.516402,3.365312,8.117647,-8.645581,-4.087934,4.389809,8.041054,0.854139,-7.369456,4.139784,14.192186,-7.363744,-21.501957,-0.593353,1.339314,4.075068,0.994250,-0.336046,-5.582079,
345,2.966494,-1.750976,-9.315288,5.955039,-9.705237,2.469424,0.176085,5.789398,-5.625319,-1.188949,4.360281,1.423856,-4.538572,7.680570,-2.014470,7.577664,-0.020443,-16.067973,0.785501,0.611518,-4.940481,0.386562,-0.432730,-0.266341,
346,2.336457,-4.168553,-4.035811,3.435044,-6.020446,4.090809,8.250910,2.249574,-20.774644,-5.888460,11.758345,1.235082,0.325343,-12.436026,11.631410,12.425275,-12.436943,-13.542170,0.150625,0.108706,-0.401034,-0.254783,0.442451,-0.124766,
347,-0.804323,-0.500404,-1.813683,7.105114,-12.898882,4.376439,0.186346,6.811060,-7.636572,-5.941816,3.954077,11.816339,-1.989353,-0.627311,2.426658,2.400763,-2.953790,-2.548557,-1.452478,0.852200,0.951749,1.161273,-0.066534,-2.586165,
348,2.404933,-1.361853,-9.037733,6.796621,-5.952562,-3.860276,-1.351363,1.525353,0.364403,-2.354772,5.673922,2.020817,6.104630,-13.131827,0.402761,7.810533,1.311210,-18.730158,0.499453,0.404171,-3.166026,-0.010176,-0.158710,0.520125,
349,1.231379,-0.366382,-4.752855,5.087563,-5.758792,2.479101,-1.942729,-0.381601,4.932061,-1.986936,0.436100,7.709837,-7.536451,4.785886,7.258491,14.113419,-5.477237,-23.939910,0.681102,0.229856,-4.115756,1.020731,-0.648819,-2.264892,
350,4.698556,-5.061449,-5.913487,-3.799002,4.202202,8.767839,1.610537,1.131035,-3.078589,-2.309527,1.299570,7.645562,-3.975507,2.532865,3.153135,10.371297,-8.263616,-13.024624,-0.229586,1.638048,-1.475461,0.885553,-0.690639,-2.227641,
351,-1.106594,-1.064738,0.303086,5.286744,-8.439109,4.649802,3.688280,1.742302,-7.822736,-6.362030,11.048455,4.776243,-2.985181,2.228501,1.849437,10.612046,-1.209541,-20.964995,-0.461476,0.180246,0.220755,0.876731,-0.053602,-2.626337,
352,2.833847,1.362972,-16.100719,3.274955,-5.644100,-0.564448,2.430297,-0.250312,-8.564459,-6.114740,2.010754,14.478352,1.268580,-8.440109,5.053273,9.017728,-7.699205,-10.020436,2.120646,-0.135928,-11.769524,0.470925,-1.084312,2.188980,
353,-0.648218,-0.556564,-1.451481,2.611817,-6.635041,7.706315,7.314712,-3.361043,-10.784377,-2.216169,4.929172,2.208662,-6.444454,2.864829,9.879745,6.660552,-0.405536,-15.576991,-0.807415,0.348637,1.467281,0.693159,-0.026022,-2.120147,
354,-0.296752,-2.149655,0.109855,2.822278,-10.115667,10.978494,0.358258,7.130241,-7.992133,-3.156814,5.092705,4.391880,-1.996966,-0.873772,3.375580,6.978365,0.635251,-16.445476,-2.190585,1.383016,3.149558,1.560502,-0.344081,-3.634618,
355,-1.877425,-0.603357,3.414870,6.472432,-8.020221,3.264637,5.640513,-4.481381,-2.470833,-2.529914,5.205029,2.968034,-4.032595,0.436992,4.926287,11.784444,-6.506523,-18.176204,0.025508,0.124097,-0.176653,1.019217,-0.279474,-3.607340,
356,-2.492956,4.609020,-5.691534,6.306042,-5.702620,-2.580888,-4.583936,2.534943,5.331154,-3.603581,5.178875,4.849281,2.875711,-6.784820,-1.573536,8.461694,-4.199602,-14.463744,-0.114571,-0.562895,-0.297063,0.336801,-0.349310,-0.110303,
357,-2.600052,0.607496,-0.810863,5.460525,-10.738017,4.503854,6.622205,-0.081701,-13.798119,-6.320330,6.837622,9.666824,-3.014651,8.101957,-4.303583,8.985406,-5.000942,-13.366825,-1.618721,0.190070,4.463204,0.410875,0.646253,-1.430296,
358,-1.552895,-0.628370,1.122176,3.379951,-8.239099,7.950281,-0.485370,2.593429,-0.561272,-1.654413,3.631936,3.509925,-2.053849,-0.705685,3.986798,4.125753,3.552292,-12.833910,-2.435551,1.575197,3.511732,1.667764,-0.399361,-3.855673,
359,-1.101414,-1.260782,5.088980,5.308356,-5.156819,2.879483,-1.688444,12.837057,-3.766654,-1.530253,2.101719,5.416971,7.479167,-9.979101,-6.099658,12.954581,-2.202961,-23.213627,1.734135,-1.623129,0.839689,0.564752,-0.261385,-3.834225,
360,0.861446,-1.226403,-8.300371,0.816124,-0.954543,0.166914,7.391214,0.895174,-19.133188,-7.892565,8.550200,9.932893,-0.111180,-10.423152,11.507555,4.576998,4.998193,-16.333772,-2.441316,2.785533,1.899480,0.007567,-0.350633,1.827418,
361,0.598284,0.127893,1.486330,-4.478042,4.121256,15.568047,10.995061,-15.508083,2.920748,-4.002435,5.646991,5.853142,-7.252673,14.585854,-4.633139,10.190896,-4.605692,-17.457186,-0.888626,3.061963,0.394776,2.193719,-1.417623,-6.627171,
362,-1.949667,5.893211,-10.007132,7.832575,-10.111888,-2.902816,-1.448241,-3.206618,5.183571,-4.263852,7.790772,3.615359,3.388866,-13.178464,6.024140,9.393100,-0.613219,-19.476740,-1.408123,1.867551,-0.897660,0.581528,-0.345005,0.269740,
363,-0.168314,0.411367,-1.782121,-1.405819,0.901912,8.659192,10.993847,-11.722275,-6.038611,-3.074438,4.521919,4.796028,11.999697,-17.357526,-7.996819,11.833594,-5.552369,-19.348631,0.753801,3.197839,-8.538556,1.653888,-1.487562,-3.147660,
364,0.531744,0.338204,-3.992256,3.150485,-6.950240,7.507340,8.515524,-5.225912,-8.741261,1.310728,-3.507026,5.233744,-1.167783,5.162655,-7.589730,10.098624,-4.220325,-15.981416,0.054433,0.811229,-0.452878,0.340711,-0.253426,-1.574462,
365,1.214226,-3.047520,-6.613395,2.112624,-3.286670,1.437864,5.716494,9.499156,-26.929348,-1.516721,-3.243182,12.543546,-10.244146,8.732950,10.223931,5.875988,-1.049496,-10.490620,1.952382,1.316187,-9.664881,-0.250662,-0.247196,2.183708,
366,2.678749,-6.046072,-2.831586,2.766248,-0.913577,0.298900,6.145343,0.805439,-12.785060,-1.558314,1.211334,5.444715,-4.797779,-1.638119,6.833054,6.210493,-0.141489,-14.625192,0.513472,-0.301980,0.200008,-0.067846,-0.340721,0.004288,
367,-2.088509,-0.698586,-7.474879,1.454207,-5.056572,-1.525761,2.074570,1.373795,-14.087172,-3.300562,6.167123,2.721334,1.280127,-6.195555,3.132581,6.810691,2.485724,-18.198678,1.475840,-3.650696,-9.897860,1.709989,-0.550667,1.014879,
368,0.635863,0.324097,-7.626668,2.334671,-4.894183,3.419032,-0.347456,5.795461,-7.312778,-6.255733,4.838198,10.642939,0.411335,-2.610133,0.278923,5.045606,1.537978,-13.720944,-0.099626,-0.327809,-3.472151,1.240934,-1.405747,-0.418809,
369,1.477904,-0.405274,-11.043197,4.742129,-7.554261,-0.842659,3.539771,4.944032,-16.618837,-6.133721,9.322848,5.594038,1.303067,-3.564677,-0.777040,5.930510,2.642908,-16.024705,0.616601,-0.876547,-5.288142,0.298357,-0.676600,1.918247,
370,-0.797623,-2.086679,0.895768,1.468921,-7.044732,9.787388,3.395792,3.381398,-10.127940,-5.641271,5.996878,8.515272,-2.457348,-1.007116,5.517952,4.196643,-1.315009,-8.275312,-2.289741,1.547778,2.978062,1.530295,-0.359324,-3.349671,
371,-1.932520,-3.224870,3.060473,3.039304,-9.773014,9.373756,8.171841,-8.558005,-8.003563,-6.558280,8.590198,6.340877,2.986811,0.726123,-9.524578,15.106997,-14.850713,-15.605129,-3.773615,0.066122,11.879422,0.793769,1.940827,-4.007408,
372,2.613049,-1.808459,-7.322772,5.083205,-6.173706,0.823785,-4.968696,9.281484,-0.489647,-6.503104,6.765138,8.749532,-8.112417,2.675952,10.088055,8.291446,-0.553293,-18.321272,0.938288,-0.064794,-5.359310,1.068564,-1.167978,-1.107416,
373,-0.479817,3.908542,-5.602127,5.031385,-9.478935,6.642284,8.421038,-8.160699,-5.824473,-4.537838,5.629899,6.625714,-5.288663,-1.670502,10.137905,8.024521,-4.939186,-11.928366,-0.349477,0.958090,1.366102,0.219874,-0.159440,-1.534117,
374,-0.057021,-0.825346,-5.579420,6.831533,-7.216296,-2.952532,4.903259,1.929546,-13.313611,-2.191126,4.020259,3.481728,1.127747,-3.040611,-1.015634,6.957300,-0.674345,-15.704376,1.253196,0.100892,-7.217136,0.393482,-0.412051,0.361659,
375,2.128382,1.941052,-1.353439,2.024944,-6.304177,14.915020,3.230479,3.559766,-4.287095,-7.719443,13.287897,4.475449,-1.184515,-0.937605,1.738313,3.229858,0.963974,-8.616669,3.436651,-1.945316,-2.046707,-0.113249,-1.308338,-2.802021,
376,0.643930,-0.889351,-0.220916,4.519485,-9.004424,9.594261,5.187572,1.247116,-8.927111,-2.521461,5.031174,3.417264,-3.433006,0.548581,5.299655,8.575106,-0.429613,-17.345089,-1.131554,0.724297,8.183540,-0.232930,0.775214,-2.788864,
377,0.768710,0.390677,-4.495415,4.602968,-7.593908,4.922500,-3.426928,1.771599,6.822764,-2.910852,3.536259,5.128236,1.796543,-14.400277,10.111624,7.091853,2.337424,-19.302663,0.750612,-0.042883,-4.409690,1.446852,-1.044596,-2.789180,
378,-0.210977,-1.025168,-1.763317,7.549737,-2.230767,-6.914267,-1.793464,2.532594,3.149363,-2.355754,3.587881,4.689527,-2.997494,1.456673,1.874864,8.364494,-3.224409,-14.922228,0.255306,-0.210918,1.132334,0.352785,-0.674660,-0.950869,
379,1.720380,-5.856500,-2.160171,7.435747,-8.484606,-1.976447,2.576783,9.517275,-15.728909,-5.334390,8.161956,5.853221,-2.274873,-6.975361,10.504346,7.397584,-2.917626,-12.162173,0.573846,0.061383,-4.130106,0.292616,0.225848,-0.679366,
380,2.002049,0.241708,-9.972047,5.904843,-5.300144,-3.084059,-1.386342,-7.087002,9.335967,-5.010365,7.743328,5.119489,-1.831982,1.521816,-2.131119,7.528051,0.366623,-17.076675,-0.426205,0.296981,0.300683,0.034966,0.157016,0.123649,
381,6.321670,-1.383247,-12.117411,2.215644,-3.887153,9.542265,-4.680913,6.836125,7.921831,-4.639420,3.249982,10.353539,3.765570,2.790595,-11.375585,4.640236,-4.631543,-3.568139,-0.468047,0.649136,6.938579,-1.372137,1.622661,-1.549019,
382,-0.393790,1.139721,-4.694743,5.409312,-9.492198,3.866534,4.790909,3.361000,-13.437119,-1.491301,2.619471,3.603063,-0.558646,-4.568603,3.652137,11.398809,-6.702100,-17.175860,0.699435,-0.008496,-3.123222,0.530926,-0.837864,-0.461964,
383,-2.055738,1.406189,1.626264,6.443799,-11.199623,7.291341,0.285836,7.856276,-6.157691,-2.457384,0.178734,10.103494,2.414038,-17.341495,13.942896,8.210679,0.711434,-17.752084,-1.158184,-0.135660,6.600160,0.613850,-0.171409,-3.034417,
384,0.186400,2.689495,-5.544002,6.223296,-8.427942,3.450648,2.821593,-0.254664,-1.877436,-4.866177,5.905419,6.605805,-8.563707,10.364290,2.805440,7.454939,-1.680508,-15.206246,1.005253,-0.072638,-2.121383,0.457877,-0.985993,-1.312039,
385,2.793137,-2.437713,-11.298885,4.638692,-4.207409,-4.587630,6.245849,7.971819,-26.561532,-3.916121,5.283212,4.970664,-2.876370,-9.349440,15.610511,11.468643,-2.600496,-22.085746,0.516727,0.927456,-4.348576,-0.883133,-0.154120,3.777924,
386,3.658852,-1.969024,-7.169436,2.897321,-5.248249,6.309597,3.211805,3.090333,-6.522194,-2.711524,3.186676,5.899392,2.664514,-5.747502,-1.504438,11.064495,-6.472992,-16.613733,-0.250637,1.143844,1.612015,-0.085252,-0.100993,-1.173636,
387,-0.130716,-1.817575,-1.943365,7.706178,-9.531348,-0.141738,0.221505,1.370567,-0.187458,-1.112697,2.225285,2.917353,-0.680069,-2.625752,2.091106,8.168566,-3.693673,-14.117684,-1.004435,-0.449870,5.617325,-0.208253,1.245580,-1.590093,
388,1.005124,-0.808412,-8.184041,4.979865,-8.305154,0.812123,6.172083,3.661202,-19.509352,-5.399708,8.676861,5.548605,-4.845290,8.926951,-2.107175,12.305056,1.415762,-28.394581,1.114776,1.118118,-8.014578,0.208338,-0.525522,1.316597,
389,2.319454,-3.248089,-6.235583,2.954435,-5.881473,3.880273,4.456097,5.434039,-15.954993,-4.396862,2.037670,10.666545,-3.783358,-0.767437,5.232132,9.374733,-7.575266,-11.501598,0.653308,0.095832,-3.702167,0.087830,0.102623,-0.060689,
390,0.196118,-1.831602,-3.748021,3.008449,-11.376843,9.692734,-1.434770,7.490706,-5.840427,-6.151473,7.690100,7.923988,-1.174757,-1.245299,0.670093,6.108372,0.998222,-14.444344,-2.353928,0.138634,6.720996,0.579176,1.058707,-2.210049,
391,1.425178,3.799552,-10.881458,10.644414,-12.846150,-2.439650,-2.787118,4.539335,1.540921,-4.615217,4.958414,7.294689,-2.721940,2.167584,1.840608,11.505175,-7.802811,-15.954931,1.975347,-1.704982,-0.968435,-0.903716,0.190162,0.973743,
392,2.314439,0.211509,-9.294979,4.790042,-6.243933,0.493107,-3.016273,1.850239,3.611399,0.083087,-0.653562,3.413676,2.186504,-5.859735,-0.739641,11.057483,-8.192655,-15.034665,1.055718,0.526622,-6.294846,0.567857,-0.566388,-0.478995,
393,-1.375484,1.997949,-4.471511,4.265987,-8.431805,4.810522,13.684432,-2.636432,-25.706248,-4.159763,2.118013,10.176908,-12.841566,7.290559,16.183178,5.648788,-4.055996,-7.851994,-0.617012,0.210017,4.691511,-1.086539,1.110847,0.899183,
394,4.185089,-4.243487,-9.453694,2.372446,0.767191,-2.951797,-4.682882,14.414457,-8.104788,-3.647354,2.623152,8.884534,6.797821,-7.713867,-7.025101,8.751195,-1.571228,-16.449445,1.340420,0.138149,-5.629766,0.012942,-1.041936,1.578700,
395,-1.421763,0.469788,1.301866,5.046235,-10.167346,9.045198,0.148737,0.852842,2.190365,-3.956852,6.044134,4.612361,1.253409,-2.252605,-3.379660,6.493202,-1.191406,-12.872674,-1.930699,0.901341,4.988585,1.537539,-0.368144,-4.622810,
396,-2.551142,6.851589,-7.239107,5.972205,-11.831031,5.924568,-3.947406,14.350692,-9.771266,-3.831754,1.829989,8.622359,2.108563,-3.896637,-3.514548,5.209180,0.848993,-14.713877,1.725616,0.958804,-3.258072,-1.076744,1.044244,0.766574,
397,2.870405,-2.866271,-4.869999,0.899640,-9.161620,14.301027,-3.218812,-4.380657,12.061553,-3.711562,3.104434,6.560039,-0.680655,-3.589816,1.935872,12.743001,-1.785449,-27.229270,-2.783940,1.912193,4.280037,1.856525,-0.507964,-4.232874,
398,-0.165819,-1.499502,-10.121974,7.033484,-8.047843,-8.559634,1.581249,5.186397,-15.048447,-7.484986,13.778109,3.330407,-5.786030,1.885061,6.828331,6.294473,-0.157393,-12.718162,0.792072,-1.193736,-6.637864,0.150478,-0.473541,3.636987,